Date,Price,Open,High,Low,Vol.,Change %
2021-12-02,56496.0,57207.8,57377.5,55807.9,54.94,-1.25
2021-12-03,53631.5,56495.2,57543.6,52008.9,89.2,-5.07
2021-12-04,49195.2,53620.7,53847.2,42587.8,168.0,-8.27
2021-12-05,49405.5,49196.4,49689.3,47797.8,72.03,0.43
2021-12-06,50562.1,49412.1,50913.3,47237.9,89.68,2.34
2021-12-07,50595.2,50547.4,51918.6,50070.9,56.29,0.07
2021-12-08,50473.9,50596.6,51204.7,48700.7,55.59,-0.24
2021-12-09,47596.6,50477.6,50790.2,47341.9,58.69,-5.7
2021-12-10,47137.2,47591.7,49974.8,47007.1,68.06,-0.97
2021-12-11,49314.5,47138.4,49487.0,46834.0,45.23,4.62
2021-12-12,50081.0,49332.5,50779.2,48670.5,40.3,1.55
2021-12-13,46703.6,50075.9,50196.1,45848.2,80.37,-6.74
2021-12-14,48366.5,46709.8,48635.0,46338.3,62.54,3.56
2021-12-15,48871.5,48366.2,49477.9,46572.6,80.28,1.04
2021-12-16,47628.2,48876.6,49387.8,47543.9,48.2,-2.54
2021-12-17,46172.2,47630.4,47997.2,45523.8,67.5,-3.06
2021-12-18,46856.2,46171.8,47330.2,45513.4,36.93,1.48
2021-12-19,46704.5,46855.7,48270.2,46438.4,44.05,-0.32
2021-12-20,46895.2,46703.4,47488.9,45577.3,57.53,0.41
2021-12-21,48902.0,46900.1,49306.1,46654.0,57.88,4.28
2021-12-22,48599.7,48898.7,49540.3,48449.7,40.89,-0.62
2021-12-23,50801.0,48599.6,51355.6,48053.4,56.24,4.53
2021-12-24,50786.1,50807.4,51795.3,50428.4,45.97,-0.03
2021-12-25,50406.4,50789.6,51140.2,50196.8,26.67,-0.75
2021-12-26,50779.9,50404.0,51247.0,49527.0,32.34,0.74
2021-12-27,50678.2,50783.6,52016.3,50459.0,43.9,-0.2
2021-12-28,47545.2,50703.4,50703.8,47345.7,74.39,-6.18
2021-12-29,46461.7,47548.4,48121.7,46127.8,63.92,-2.28
2021-12-30,47123.3,46470.7,47901.4,46003.0,60.96,1.42
2021-12-31,46219.5,47123.3,48553.9,45693.6,58.18,-1.92
2022-01-01,47738.0,46217.5,47917.6,46217.5,31.24,3.29
2022-01-02,47311.8,47738.7,47944.9,46718.2,27.02,-0.89
2022-01-03,46430.2,47293.9,47556.0,45704.0,41.06,-1.86
2022-01-04,45837.3,46435.7,47505.4,45602.1,55.59,-1.28
2022-01-05,43425.9,45833.1,47019.4,42535.1,83.74,-5.26
2022-01-06,43097.5,43431.6,43772.3,42481.1,63.08,-0.76
2022-01-07,41546.7,43097.9,43127.7,40810.0,88.36,-3.6
2022-01-08,41672.0,41551.3,42304.4,40574.3,52.54,0.3
2022-01-09,41848.3,41681.2,42764.4,41260.9,37.51,0.42
2022-01-10,41832.2,41848.9,42243.8,39697.0,85.5,-0.04
2022-01-11,42733.2,41829.1,43090.2,41287.6,61.78,2.15
2022-01-12,43901.0,42735.0,44243.6,42476.7,53.95,2.73
2022-01-13,42560.0,43900.0,44404.7,42337.5,53.42,-3.05
2022-01-14,43073.3,42562.2,43435.1,41848.7,50.5,1.21
2022-01-15,43097.0,43073.6,43777.9,42586.1,31.44,0.06
2022-01-16,43079.1,43079.2,43462.0,42643.3,28.66,-0.04
2022-01-17,42209.3,43080.5,43179.6,41559.4,41.44,-2.02
2022-01-18,42364.6,42209.9,42674.2,41300.7,47.32,0.37
2022-01-19,41677.8,42365.3,42558.0,41160.9,53.77,-1.62
2022-01-20,40715.9,41683.6,43487.1,40568.3,65.28,-2.31
2022-01-21,36475.5,40698.1,41104.6,35503.9,155.8,-10.41
2022-01-22,35075.2,36467.7,36749.8,34116.0,138.09,-3.84
2022-01-23,36269.5,35072.9,36513.0,34655.2,70.43,3.4
2022-01-24,36686.3,36268.6,37424.0,32985.6,153.77,1.15
2022-01-25,36950.6,36691.3,37501.8,35729.3,79.68,0.72
2022-01-26,36800.4,36962.3,38862.6,36280.0,107.87,-0.41
2022-01-27,37164.3,36800.1,37215.4,35543.2,83.52,0.99
2022-01-28,37745.1,37195.6,37995.9,36176.5,69.45,1.56
2022-01-29,38170.8,37736.5,38663.7,37350.2,42.77,1.13
2022-01-30,37917.7,38167.5,38313.3,37390.6,34.1,-0.66
2022-01-31,38498.6,37923.8,38701.4,36672.8,61.27,1.53
2022-02-01,38709.7,38475.6,39230.0,38037.9,55.2,0.55
2022-02-02,36890.2,38711.2,38853.8,36682.3,53.74,-4.7
2022-02-03,37287.8,36890.2,37304.3,36297.3,50.35,1.08
2022-02-04,41567.6,37287.8,41689.0,37041.1,95.49,11.48
2022-02-05,41412.1,41566.5,41899.8,40963.3,46.32,-0.37
2022-02-06,42392.2,41411.9,42614.8,41176.3,31.2,2.37
2022-02-07,43833.9,42385.2,44468.3,41695.4,76.6,3.4
2022-02-08,44038.2,43833.9,45399.8,42705.0,92.88,0.47
2022-02-09,44388.9,44038.2,44800.4,43163.0,50.92,0.8
2022-02-10,43521.0,44388.9,45755.2,43242.5,89.69,-1.96
2022-02-11,42388.4,43519.3,43915.1,42023.4,69.95,-2.6
2022-02-12,42205.2,42388.4,43006.4,41776.8,37.88,-0.43
2022-02-13,42061.1,42205.5,42725.1,41880.1,25.88,-0.34
2022-02-14,42550.3,42061.1,42799.7,41591.3,53.6,1.16
2022-02-15,44544.4,42550.3,44722.6,42460.1,56.34,4.69
2022-02-16,43883.6,44540.9,44552.9,43377.6,41.4,-1.48
2022-02-17,40552.8,43885.5,44167.1,40103.8,72.63,-7.59
2022-02-18,40000.1,40532.5,40935.5,39505.0,64.96,-1.36
2022-02-19,40090.3,40000.1,40434.3,39666.6,25.78,0.23
2022-02-20,38355.0,40089.6,40120.3,38042.2,47.92,-4.33
2022-02-21,37017.7,38355.0,39444.1,36868.9,91.82,-3.49
2022-02-22,38248.2,37018.3,38414.9,36399.6,82.75,3.32
2022-02-23,37224.6,38248.2,39194.5,37099.5,64.84,-2.68
2022-02-24,38339.2,37250.2,39351.6,34357.4,180.47,2.99
2022-02-25,39209.6,38339.2,39683.7,38042.6,83.78,2.27
2022-02-26,39115.5,39221.6,40094.5,38639.1,41.55,-0.24
2022-02-27,37689.1,39116.6,39838.5,37062.3,66.14,-3.65
2022-02-28,43188.2,37707.2,43977.8,37458.9,108.07,14.59
2022-03-01,44420.3,43187.2,44900.5,42876.6,90.67,2.85
2022-03-02,43912.8,44420.3,45294.2,43361.3,80.82,-1.14
2022-03-03,42463.0,43912.8,44077.2,41840.8,74.11,-3.3
2022-03-04,39142.7,42463.0,42848.7,38594.9,3.21,-7.82
2022-03-05,39395.8,39142.8,39600.2,38626.1,1.5,0.65
2022-03-06,38403.1,39396.3,39668.1,38115.0,1.93,-2.52
2022-03-07,38024.8,38420.6,39532.0,37182.1,3.02,-0.99
2022-03-08,38744.8,38020.6,39351.5,37886.6,2.67,1.89
2022-03-09,41929.0,38731.5,42538.5,38663.3,3.6,8.22
2022-03-10,39416.3,41933.9,42029.1,38603.5,3.62,-5.99
2022-03-11,38730.2,39422.5,40177.0,38236.4,2.79,-1.74
2022-03-12,38814.3,38730.2,39355.3,38666.5,1.11,0.22
2022-03-13,37792.4,38813.2,39272.3,37603.4,1.55,-2.63
2022-03-14,39671.1,37789.5,39914.3,37613.6,2.33,4.97
2022-03-15,39285.7,39673.0,39854.7,38220.9,2.25,-0.97
2022-03-16,41118.7,39282.5,41701.6,38953.2,4.47,4.67
2022-03-17,40914.8,41118.7,41406.0,40557.8,1.9,-0.5
2022-03-18,41767.8,40914.6,42308.4,40234.8,2.31,2.08
2022-03-19,42233.0,41768.0,42386.0,41529.6,224.59,1.11
2022-03-20,41276.0,42241.0,42301.0,40922.0,308.45,-2.27
2022-03-21,41022.0,41282.0,41532.0,40530.0,406.62,-0.62
2022-03-22,42373.0,41022.0,43327.9,40893.0,537.06,3.29
2022-03-23,42912.0,42373.0,43027.0,41795.0,433.96,1.27
2022-03-24,44013.0,42911.0,44251.0,42658.0,491.66,2.57
2022-03-25,44331.0,44013.0,45112.0,43622.0,494.09,0.72
2022-03-26,44548.0,44331.0,44818.0,44090.0,196.3,0.49
2022-03-27,46859.0,44542.0,46947.0,44445.0,388.79,5.19
2022-03-28,47105.0,46859.0,48199.0,46672.0,610.27,0.52
2022-03-29,47449.0,47126.0,48127.0,47029.0,478.82,0.73
2022-03-30,47075.0,47449.0,47714.0,46601.0,467.76,-0.79
2022-03-31,45525.0,47071.0,47624.0,45228.0,520.0,-3.29
2022-04-01,46297.0,45529.0,46728.0,44261.0,632.93,1.7
2022-04-02,45811.0,46299.0,47212.0,45641.0,345.93,-1.05
2022-04-03,46407.0,45813.0,47435.0,45554.0,398.86,1.3
2022-04-04,46629.0,46407.0,46899.0,45152.0,446.12,0.48
2022-04-05,45506.0,46614.0,47201.0,45388.0,421.11,-2.41
2022-04-06,43173.0,45494.0,45519.0,43122.0,649.52,-5.13
2022-04-07,43448.0,43166.0,43893.0,42747.0,390.85,0.64
2022-04-08,42275.0,43450.0,43979.0,42113.0,467.83,-2.7
2022-04-09,42767.0,42275.0,42809.0,42129.0,165.16,1.16
2022-04-10,42138.0,42760.0,43421.0,41884.0,255.83,-1.47
2022-04-11,39497.0,42144.0,42418.0,39202.0,608.38,-6.27
2022-04-12,40078.0,39507.0,40678.0,39265.0,468.27,1.47
2022-04-13,41133.0,40072.0,41515.0,39581.0,406.7,2.63
2022-04-14,39936.0,41133.0,41494.0,39585.0,294.29,-2.91
2022-04-15,40560.0,39936.0,40850.0,39781.0,233.09,1.56
2022-04-16,40382.0,40571.0,40691.0,40003.0,151.31,-0.44
2022-04-17,39703.0,40382.0,40599.0,39561.0,210.01,-1.68
2022-04-18,40803.0,39700.0,41095.0,38577.0,484.26,2.77
2022-04-19,41503.0,40809.0,41746.0,40585.0,268.28,1.72
2022-04-20,41368.0,41499.0,42203.0,40915.0,382.84,-0.33
2022-04-21,40482.0,41370.0,42969.0,39793.0,493.05,-2.14
2022-04-22,39709.0,40487.0,40792.0,39200.0,421.3,-1.91
2022-04-23,39418.0,39709.0,39973.0,39291.0,190.6,-0.73
2022-04-24,39464.0,39434.0,39929.0,39033.0,283.63,0.12
2022-04-25,40427.0,39464.0,40599.0,38233.0,654.6,2.44
2022-04-26,38113.0,40443.0,40770.0,37708.0,681.47,-5.72
2022-04-27,39243.0,38113.0,39447.0,37869.0,426.83,2.96
2022-04-28,39748.0,39243.0,40382.0,38888.0,542.39,1.29
2022-04-29,38581.0,39748.0,39919.0,38175.0,382.9,-2.94
2022-04-30,37650.0,38590.0,38776.0,37596.0,248.22,-2.41
2022-05-01,38461.0,37642.0,38676.0,37397.0,276.99,2.15
2022-05-02,38514.0,38472.0,39134.0,38061.0,580.79,0.14
2022-05-03,37718.0,38515.0,38647.0,37513.0,367.21,-2.07
2022-05-04,39688.0,37717.0,40021.0,37660.0,691.49,5.22
2022-05-05,36544.0,39686.0,39833.0,36183.0,1.04,-7.92
2022-05-06,36009.0,36540.0,36646.0,35267.0,752.84,-1.46
2022-05-07,35468.0,36003.0,36119.0,34773.0,288.86,-1.5
2022-05-08,34060.0,35468.0,35497.0,33727.0,671.05,-3.97
2022-05-09,30095.0,34041.0,34227.0,30095.0,268.09,-11.64
2022-05-10,31007.5,30098.2,32621.2,29831.0,235.61,3.03
2022-05-11,29068.2,31008.0,32113.6,27835.5,296.9,-6.25
2022-05-12,28976.0,29073.4,30136.7,26500.5,309.48,-0.32
2022-05-13,29284.4,28994.3,31002.7,28755.0,141.23,1.06
2022-05-14,30080.4,29285.2,30277.4,28666.7,70.46,2.72
2022-05-15,31308.7,30078.6,31383.8,29499.4,65.44,4.08
2022-05-16,29849.0,31308.3,31312.4,29135.8,100.25,-4.66
2022-05-17,30437.5,29856.7,30720.1,29484.5,79.63,1.97
2022-05-18,28683.7,30437.5,30687.9,28648.1,92.03,-5.76
2022-05-19,30305.9,28700.4,30525.1,28682.1,101.38,5.66
2022-05-20,29178.6,30305.9,30735.1,28738.5,98.78,-3.72
2022-05-21,29434.6,29188.7,29623.2,28953.9,32.27,0.88
2022-05-22,30286.6,29433.0,30462.0,29260.1,50.6,2.89
2022-05-23,29093.3,30287.3,30644.8,28913.6,92.1,-3.94
2022-05-24,29648.7,29091.6,29810.8,28706.1,79.42,1.91
2022-05-25,29540.6,29648.7,30202.3,29353.5,78.85,-0.36
2022-05-26,29203.5,29537.9,29868.9,28077.9,126.71,-1.14
2022-05-27,28601.2,29194.0,29377.1,28282.2,116.41,-2.06
2022-05-28,29027.1,28620.1,29194.4,28537.2,43.87,1.49
2022-05-29,29465.2,29027.1,29556.5,28838.7,36.87,1.51
2022-05-30,31723.3,29465.2,32185.6,29307.2,129.56,7.66
2022-05-31,31793.4,31730.2,32377.5,31221.2,86.6,0.22
2022-06-01,29798.5,31793.1,31969.9,29396.6,135.09,-6.27
2022-06-02,30455.5,29798.6,30638.5,29604.4,81.4,2.2
2022-06-03,29700.9,30455.7,30674.8,29330.8,72.13,-2.48
2022-06-04,29864.3,29700.9,29963.8,29489.5,33.51,0.55
2022-06-05,29913.0,29865.1,30166.9,29539.0,30.33,0.16
2022-06-06,31367.6,29911.2,31753.4,29888.6,94.01,4.86
2022-06-07,31128.8,31370.3,31556.6,29235.0,140.32,-0.76
2022-06-08,30201.6,31127.2,31312.1,29874.8,87.96,-2.98
2022-06-09,30097.8,30202.1,30691.4,29953.8,61.72,-0.34
2022-06-10,29083.3,30097.4,30325.6,28884.9,104.26,-3.37
2022-06-11,28403.4,29083.3,29426.6,28161.8,82.92,-2.34
2022-06-12,26606.3,28404.0,28534.8,26606.3,120.02,-6.33
2022-06-13,22448.0,26606.3,26857.6,22006.3,379.26,-15.63
2022-06-14,22157.3,22449.1,23200.3,20860.9,251.01,-1.29
2022-06-15,22577.9,22137.5,22754.4,20125.8,280.41,1.9
2022-06-16,20386.6,22577.9,22942.1,20231.1,144.0,-9.71
2022-06-17,20444.6,20391.3,21315.4,20244.1,136.27,0.28
2022-06-18,18986.5,20446.4,20744.7,17630.5,267.25,-7.13
2022-06-19,20577.2,18983.4,20763.5,17983.7,169.39,8.38
2022-06-20,20572.3,20576.9,20996.8,19658.8,140.6,-0.02
2022-06-21,20720.4,20571.6,21689.3,20371.7,136.32,0.72
2022-06-22,19965.8,20720.2,20864.3,19780.2,125.94,-3.64
2022-06-23,21100.7,19967.3,21189.8,19907.5,110.7,5.68
2022-06-24,21226.9,21100.9,21488.7,20743.9,104.56,0.6
2022-06-25,21489.9,21226.9,21553.4,20917.5,66.63,1.24
2022-06-26,21043.5,21489.9,21837.4,20989.7,67.21,-2.08
2022-06-27,20730.2,21037.7,21497.5,20568.0,84.69,-1.49
2022-06-28,20278.0,20727.9,21200.2,20210.5,83.83,-2.18
2022-06-29,20111.3,20278.0,20415.8,19880.7,98.97,-0.82
2022-06-30,19926.6,20111.3,20155.1,18682.7,127.73,-0.92
2022-07-01,19262.9,19926.6,20785.6,18980.1,150.18,-3.33
2022-07-02,19243.2,19275.4,19425.4,19006.4,58.57,-0.1
2022-07-03,19309.9,19243.4,19626.4,18794.4,65.27,0.35
2022-07-04,20215.8,19310.6,20303.8,19052.5,92.79,4.69
2022-07-05,20200.6,20215.8,20706.9,19315.4,122.43,-0.08
2022-07-06,20561.1,20180.4,20654.9,19785.3,105.24,1.78
2022-07-07,21637.8,20557.9,21817.8,20282.7,115.81,5.24
2022-07-08,21611.2,21637.1,22482.1,21207.0,439.9,-0.12
2022-07-09,21587.5,21610.4,21944.1,21338.4,190.11,-0.11
2022-07-10,20847.4,21587.4,21599.2,20689.7,204.68,-3.43
2022-07-11,19963.2,20847.2,20855.0,19897.0,160.2,-4.24
2022-07-12,19330.9,19963.2,20051.7,19279.6,167.91,-3.17
2022-07-13,20250.0,19331.6,20250.8,18942.2,249.38,4.75
2022-07-14,20586.0,20250.0,20862.2,19664.9,205.28,1.66
2022-07-15,20825.1,20586.1,21178.1,20393.4,164.67,1.16
2022-07-16,21209.9,20825.2,21561.3,20484.4,136.89,1.85
2022-07-17,20785.6,21209.8,21654.4,20755.2,132.81,-2.0
2022-07-18,22525.8,20785.6,22714.9,20770.6,279.72,8.37
2022-07-19,23410.2,22529.3,23757.3,21581.8,308.91,3.93
2022-07-20,23215.2,23412.0,24258.0,22944.4,281.31,-0.83
2022-07-21,23153.0,23219.9,23403.8,22360.2,217.08,-0.27
2022-07-22,22675.2,23150.0,23741.4,22524.2,197.54,-2.06
2022-07-23,22460.4,22683.6,22991.0,21971.7,137.42,-0.95
2022-07-24,22582.1,22449.8,22987.9,22281.3,126.66,0.54
2022-07-25,21301.9,22582.3,22653.3,21275.4,206.93,-5.67
2022-07-26,21248.7,21301.6,21322.3,20737.3,201.57,-0.25
2022-07-27,22958.3,21248.0,23027.8,21047.5,242.66,8.05
2022-07-28,23850.0,22957.7,24190.5,22611.6,268.32,3.88
2022-07-29,23774.3,23850.2,24340.0,23451.4,221.66,-0.32
2022-07-30,23634.2,23774.2,24605.3,23521.8,168.72,-0.59
2022-07-31,23303.4,23634.2,24179.3,23236.2,138.84,-1.4
2022-08-01,23271.2,23303.4,23484.4,22863.8,162.33,-0.14
2022-08-02,22988.6,23271.1,23423.3,22670.8,177.3,-1.21
2022-08-03,22820.8,22988.7,23623.7,22698.6,174.66,-0.73
2022-08-04,22612.1,22822.2,23214.5,22438.7,181.19,-0.91
2022-08-05,23308.2,22613.3,23447.6,22593.5,208.9,3.08
2022-08-06,22944.2,23308.2,23344.4,22923.6,94.44,-1.56
2022-08-07,23175.3,22944.2,23387.7,22852.3,99.36,1.01
2022-08-08,23816.3,23175.3,24234.1,23160.6,197.94,2.77
2022-08-09,23146.7,23818.1,23912.0,22886.5,169.62,-2.81
2022-08-10,23962.9,23150.3,24209.9,22714.7,243.61,3.53
2022-08-11,23935.3,23963.3,24873.5,23864.0,285.36,-0.12
2022-08-12,24398.7,23935.3,24440.8,23616.4,194.96,1.94
2022-08-13,24442.5,24398.9,24882.9,24318.7,170.59,0.18
2022-08-14,24302.8,24442.1,24997.3,24172.2,177.25,-0.57
2022-08-15,24101.7,24303.3,25205.7,23784.5,279.28,-0.83
2022-08-16,23856.8,24102.6,24240.8,23693.8,201.7,-1.02
2022-08-17,23338.0,23855.8,24423.5,23191.6,239.53,-2.17
2022-08-18,23203.6,23337.7,23578.0,23131.3,160.97,-0.58
2022-08-19,20831.3,23201.6,23202.3,20807.8,339.47,-10.22
2022-08-20,21138.9,20830.7,21357.4,20784.8,206.94,1.48
2022-08-21,21517.2,21138.9,21692.4,21077.4,177.52,1.79
2022-08-22,21416.3,21516.8,21517.4,20912.1,251.83,-0.47
2022-08-23,21517.2,21416.5,21661.0,20919.6,228.65,0.47
2022-08-24,21365.2,21516.2,21832.3,21171.1,202.4,-0.71
2022-08-25,21565.4,21365.4,21801.2,21324.8,190.15,0.94
2022-08-26,20249.9,21564.2,21815.3,20122.4,322.16,-6.1
2022-08-27,20033.9,20249.9,20343.6,19849.8,187.34,-1.07
2022-08-28,19550.2,20034.2,20150.8,19542.9,159.6,-2.41
2022-08-29,20295.8,19551.3,20394.5,19551.2,248.04,3.81
2022-08-30,19792.6,20295.6,20558.2,19559.7,308.41,-2.48
2022-08-31,20043.9,19793.4,20469.1,19793.4,318.17,1.27
2022-09-01,20126.1,20049.9,20202.7,19584.4,275.08,0.41
2022-09-02,19952.7,20131.6,20428.2,19764.7,272.22,-0.86
2022-09-03,19831.4,19952.8,20043.8,19660.7,157.85,-0.61
2022-09-04,19999.9,19832.2,20017.8,19594.7,158.27,0.85
2022-09-05,19793.1,19999.9,20042.9,19650.7,238.71,-1.03
2022-09-06,18786.4,19793.4,20169.3,18723.3,402.43,-5.09
2022-09-07,19281.5,18786.3,19445.9,18548.4,319.1,2.64
2022-09-08,19317.4,19281.5,19444.7,19034.5,291.43,0.19
2022-09-09,21365.2,19318.8,21545.7,19294.1,480.37,10.6
2022-09-10,21650.4,21363.8,21790.6,21139.9,331.12,1.33
2022-09-11,21834.9,21650.4,21836.4,21363.0,297.12,0.85
2022-09-12,22395.3,21836.6,22465.4,21581.6,431.98,2.57
2022-09-13,20175.5,22395.3,22702.5,19909.6,485.32,-9.91
2022-09-14,20222.5,20175.5,20503.7,19654.2,374.22,0.23
2022-09-15,19701.7,20222.3,20321.4,19532.3,358.42,-2.58
2022-09-16,19802.4,19701.9,19883.0,19352.9,315.59,0.51
2022-09-17,20113.5,19802.8,20178.6,19761.0,204.58,1.57
2022-09-18,19418.8,20113.9,20113.9,19347.7,273.11,-3.45
2022-09-19,19538.9,19417.4,19666.6,18277.8,423.43,0.62
2022-09-20,18872.4,19538.9,19626.3,18742.6,361.18,-3.41
2022-09-21,18489.0,18875.1,19758.4,18191.8,446.85,-2.03
2022-09-22,19404.0,18488.1,19490.9,18371.0,448.63,4.95
2022-09-23,19293.5,19404.1,19477.3,18554.8,431.15,-0.57
2022-09-24,18925.2,19288.4,19310.6,18812.0,258.5,-1.91
2022-09-25,18803.2,18925.1,19125.1,18659.6,209.71,-0.64
2022-09-26,19225.7,18803.1,19304.8,18695.2,516.03,2.25
2022-09-27,19081.0,19228.8,20361.2,18850.4,660.12,-0.75
2022-09-28,19411.0,19083.4,19757.8,18505.3,581.19,1.73
2022-09-29,19593.0,19420.2,19631.5,18877.9,449.57,0.94
2022-09-30,19423.0,19593.4,20174.9,19208.9,490.29,-0.87
2022-10-01,19311.9,19422.9,19480.3,19172.6,173.91,-0.57
2022-10-02,19052.2,19311.9,19389.9,18937.3,222.82,-1.34
2022-10-03,19628.3,19057.6,19676.0,19001.3,333.03,3.02
2022-10-04,20340.2,19629.7,20436.1,19506.4,368.17,3.63
2022-10-05,20157.5,20340.5,20353.8,19761.7,352.76,-0.9
2022-10-06,19956.7,20157.5,20436.7,19873.7,370.6,-1.0
2022-10-07,19531.3,19962.4,20051.4,19352.1,263.5,-2.13
2022-10-08,19415.0,19530.2,19612.2,19274.7,113.5,-0.6
2022-10-09,19441.0,19416.3,19552.1,19329.6,127.53,0.13
2022-10-10,19134.6,19441.7,19520.7,19057.0,243.77,-1.58
2022-10-11,19059.1,19134.3,19261.3,18868.7,288.57,-0.39
2022-10-12,19154.8,19058.5,19212.6,19010.6,242.18,0.5
2022-10-13,19379.8,19154.6,19494.4,18207.9,455.13,1.17
2022-10-14,19181.8,19379.8,19933.9,19098.6,400.45,-1.02
2022-10-15,19068.7,19181.7,19218.7,19000.8,123.66,-0.59
2022-10-16,19261.9,19068.8,19411.9,19066.0,140.95,1.01
2022-10-17,19548.2,19262.2,19663.5,19163.6,248.4,1.49
2022-10-18,19328.2,19548.4,19692.9,19102.8,290.07,-1.13
2022-10-19,19123.9,19328.2,19358.6,19101.2,209.28,-1.06
2022-10-20,19042.9,19125.1,19334.5,18935.6,253.2,-0.42
2022-10-21,19162.6,19042.9,19245.5,18703.3,294.66,0.63
2022-10-22,19204.8,19162.6,19249.9,19116.1,118.24,0.22
2022-10-23,19571.2,19204.8,19680.9,19092.5,180.63,1.91
2022-10-24,19331.5,19571.2,19588.6,19177.2,286.94,-1.22
2022-10-25,20082.7,19331.8,20406.9,19249.0,371.54,3.89
2022-10-26,20769.5,20086.8,20981.5,20062.9,427.99,3.42
2022-10-27,20292.9,20769.5,20867.9,20231.6,365.49,-2.29
2022-10-28,20594.4,20293.0,20744.0,20058.2,318.9,1.49
2022-10-29,20809.8,20594.2,21038.1,20561.9,276.54,1.05
2022-10-30,20626.3,20809.4,20922.3,20522.5,207.63,-0.88
2022-10-31,20496.3,20626.0,20822.4,20260.0,327.47,-0.63
2022-11-01,20483.5,20496.1,20676.6,20348.1,302.72,-0.06
2022-11-02,20154.4,20482.9,20778.3,20065.8,420.23,-1.61
2022-11-03,20206.4,20154.0,20384.5,20066.6,347.23,0.26
2022-11-04,21145.9,20206.4,21281.9,20184.6,499.5,4.65
2022-11-05,21301.6,21145.7,21464.7,21084.1,261.23,0.74
2022-11-06,20916.3,21298.7,21360.4,20901.0,242.26,-1.81
2022-11-07,20589.0,20916.3,21055.4,20410.5,414.24,-1.56
2022-11-08,18527.4,20589.0,20667.5,17260.0,865.1,-10.01
2022-11-09,15886.9,18538.9,18583.8,15603.3,869.57,-14.25
2022-11-10,17589.1,15887.0,18138.2,15799.3,720.74,10.71
2022-11-11,17049.9,17589.1,17679.4,16435.5,466.35,-3.07
2022-11-12,16795.2,17049.9,17100.8,16633.9,192.91,-1.49
2022-11-13,16324.5,16803.9,16946.5,16274.9,210.8,-2.8
2022-11-14,16613.7,16325.0,17158.4,15834.0,442.46,1.77
2022-11-15,16895.1,16615.0,17112.0,16543.9,337.15,1.69
2022-11-16,16540.5,16895.4,16993.4,16408.2,295.73,-2.1
2022-11-17,16691.2,16540.5,16739.7,16425.8,257.0,0.91
2022-11-18,16638.3,16715.4,16846.3,16553.0,241.96,-0.32
2022-11-19,16699.2,16652.2,16814.9,16608.9,114.89,0.37
2022-11-20,16286.7,16699.3,16749.3,16209.2,172.83,-2.47
2022-11-21,15776.2,16278.6,16287.9,15504.2,372.15,-3.13
2022-11-22,16212.9,15776.6,16274.6,15620.4,287.21,2.77
2022-11-23,16623.9,16216.9,16677.6,16162.3,305.08,2.53
2022-11-24,16601.2,16604.9,16785.6,16472.0,229.59,-0.14
2022-11-25,16512.3,16600.6,16611.8,16360.9,204.07,-0.54
2022-11-26,16456.5,16512.3,16686.3,16387.9,194.94,-0.34
2022-11-27,16425.6,16456.4,16595.4,16414.6,173.25,-0.19
2022-11-28,16211.7,16426.1,16481.4,16013.5,284.84,-1.3
2022-11-29,16440.4,16211.9,16531.4,16100.1,271.58,1.41
2022-11-30,17163.9,16440.8,17215.5,16433.2,348.22,4.4
2022-12-01,16972.0,17163.4,17244.7,16868.9,266.14,-1.12
2022-12-02,17093.6,16972.2,17096.2,16799.9,227.01,0.72
2022-12-03,16884.5,17093.4,17132.6,16862.1,169.29,-1.22
2022-12-04,17112.6,16884.8,17198.1,16881.6,197.12,1.35
2022-12-05,16966.5,17106.9,17395.2,16886.9,268.72,-0.85
2022-12-06,17089.3,16966.3,17101.1,16914.9,246.19,0.72
2022-12-07,16835.2,17089.4,17126.7,16715.3,244.36,-1.49
2022-12-08,17225.7,16835.2,17294.2,16765.8,261.64,2.32
2022-12-09,17125.7,17225.6,17288.6,17082.1,260.84,-0.58
2022-12-10,17127.2,17125.7,17220.5,17105.7,148.81,0.01
2022-12-11,17093.3,17127.0,17262.9,17080.6,167.2,-0.2
2022-12-12,17210.4,17093.2,17232.5,16878.5,249.39,0.68
2022-12-13,17778.6,17210.9,17951.6,17094.5,328.71,3.3
2022-12-14,17796.4,17778.6,18351.8,17682.1,318.98,0.1
2022-12-15,17356.1,17796.4,17846.1,17298.2,263.44,-2.47
2022-12-16,16629.6,17356.7,17518.5,16542.4,303.56,-4.19
2022-12-17,16777.1,16629.0,16794.4,16587.0,164.49,0.89
2022-12-18,16741.1,16777.0,16825.7,16666.5,124.29,-0.21
2022-12-19,16441.3,16741.1,16809.5,16331.2,207.93,-1.79
2022-12-20,16902.8,16441.3,17031.3,16400.7,284.57,2.81
2022-12-21,16831.8,16902.7,16919.4,16735.0,174.34,-0.42
2022-12-22,16820.6,16831.8,16862.2,16566.1,198.28,-0.07
2022-12-23,16779.1,16820.5,16910.7,16768.0,184.12,-0.25
2022-12-24,16837.2,16778.6,16855.8,16777.8,110.12,0.35
2022-12-25,16831.8,16835.7,16852.9,16733.0,132.89,-0.03
2022-12-26,16918.1,16831.8,16936.1,16799.4,133.36,0.51
2022-12-27,16706.1,16918.2,16964.0,16610.1,192.18,-1.25
2022-12-28,16546.2,16705.9,16781.1,16474.2,217.96,-0.96
2022-12-29,16636.4,16546.2,16659.1,16496.6,181.47,0.55
2022-12-30,16607.2,16636.4,16644.4,16360.0,192.76,-0.18
2022-12-31,16537.4,16607.2,16635.9,16487.3,130.44,-0.42
2023-01-01,16618.4,16537.5,16621.9,16499.7,107.84,0.49
2023-01-02,16674.3,16618.4,16766.9,16551.0,136.03,0.34
2023-01-03,16674.2,16673.1,16773.2,16607.2,178.73,0.0
2023-01-04,16852.1,16674.2,16976.5,16656.5,247.39,1.07
2023-01-05,16829.8,16852.2,16877.9,16772.3,178.96,-0.13
2023-01-06,16950.9,16829.8,17012.3,16707.6,233.47,0.72
2023-01-07,16943.6,16950.9,16979.6,16909.7,110.48,-0.04
2023-01-08,17119.0,16943.6,17119.0,16913.8,144.84,1.04
2023-01-09,17180.1,17119.0,17390.8,17107.1,301.24,0.36
2023-01-10,17439.1,17180.1,17491.0,17151.7,247.14,1.51
2023-01-11,17942.3,17440.5,17989.8,17323.9,291.53,2.89
2023-01-12,18851.3,17941.0,19055.3,17915.5,522.01,5.07
2023-01-13,19927.0,18850.8,19981.6,18723.8,426.67,5.71
2023-01-14,20958.2,19926.9,21185.6,19898.6,458.21,5.17
2023-01-15,20879.8,20956.0,21032.2,20585.7,205.8,-0.37
2023-01-16,21184.2,20880.1,21416.8,20698.9,337.46,1.46
2023-01-17,21137.1,21184.4,21506.4,20926.2,310.04,-0.22
2023-01-18,20670.6,21137.1,21584.1,20448.3,388.67,-2.21
2023-01-19,21081.2,20670.6,21169.4,20669.7,275.76,1.99
2023-01-20,22677.2,21074.9,22718.5,20879.3,373.74,7.57
2023-01-21,22775.7,22677.5,23304.5,22461.1,382.69,0.43
2023-01-22,22707.8,22775.7,23068.7,22323.0,280.64,-0.3
2023-01-23,22915.5,22709.0,23161.8,22527.9,327.85,0.91
2023-01-24,22632.5,22916.3,23156.1,22517.1,334.17,-1.23
2023-01-25,23055.1,22632.5,23779.0,22366.3,388.18,1.87
2023-01-26,23016.0,23055.2,23259.5,22869.0,320.97,-0.17
2023-01-27,23074.6,23016.0,23480.3,22602.9,310.36,0.25
2023-01-28,23027.9,23074.6,23182.3,22889.8,156.96,-0.2
2023-01-29,23753.1,23023.5,23952.9,22973.3,320.86,3.15
2023-01-30,22832.2,23746.0,23794.0,22560.0,339.62,-3.88
2023-01-31,23125.1,22832.2,23262.9,22724.9,289.38,1.28
2023-02-01,23725.6,23124.7,23784.5,22809.6,333.18,2.6
2023-02-02,23427.6,23726.2,24207.2,23398.1,382.86,-1.26
2023-02-03,23431.2,23429.1,23694.1,23233.8,349.36,0.02
2023-02-04,23323.8,23431.2,23571.8,23269.8,170.27,-0.46
2023-02-05,22936.0,23326.9,23423.4,22766.5,217.26,-1.66
2023-02-06,22761.8,22936.0,23130.6,22633.7,278.58,-0.76
2023-02-07,23251.7,22761.8,23338.8,22748.2,318.98,2.15
2023-02-08,22964.6,23251.7,23425.1,22691.7,289.12,-1.23
2023-02-09,21792.5,22964.6,23003.6,21744.6,425.44,-5.1
2023-02-10,21635.0,21792.5,21933.6,21491.7,352.79,-0.72
2023-02-11,21859.8,21627.4,21902.9,21605.3,182.07,1.04
2023-02-12,21786.8,21859.9,22080.7,21653.1,211.65,-0.33
2023-02-13,21772.6,21782.7,21887.5,21418.7,312.04,-0.07
2023-02-14,22198.5,21776.9,22308.6,21556.2,378.39,1.96
2023-02-15,24327.9,22198.5,24330.9,22050.8,401.53,9.59
2023-02-16,23539.6,24328.1,25233.8,23525.9,484.5,-3.24
2023-02-17,24573.5,23538.2,24984.7,23373.0,523.85,4.39
2023-02-18,24631.4,24573.5,24838.9,24457.0,223.77,0.24
2023-02-19,24302.9,24631.3,25175.2,24273.7,312.64,-1.33
2023-02-20,24839.5,24302.8,25085.4,23868.6,363.02,2.21
2023-02-21,24450.7,24839.5,25236.8,24160.8,395.97,-1.57
2023-02-22,24186.6,24450.7,24474.3,23593.4,400.24,-1.08
2023-02-23,23936.3,24186.6,24590.4,23637.9,417.46,-1.03
2023-02-24,23191.5,23936.4,24123.4,22970.3,367.99,-3.11
2023-02-25,23166.1,23191.3,23215.3,22777.4,198.35,-0.11
2023-02-26,23558.7,23166.1,23671.8,23066.0,209.12,1.69
2023-02-27,23494.1,23558.7,23876.2,23166.8,297.65,-0.27
2023-02-28,23130.5,23494.0,23595.0,23033.8,275.1,-1.55
2023-03-01,23642.2,23130.6,23914.1,23025.3,328.77,2.21
2023-03-02,23465.4,23642.2,23780.5,23208.7,249.26,-0.75
2023-03-03,22354.4,23465.6,23473.4,22051.9,344.63,-4.73
2023-03-04,22347.1,22354.7,22403.7,22167.4,123.93,-0.03
2023-03-05,22428.3,22347.1,22636.7,22213.5,160.57,0.36
2023-03-06,22410.0,22428.2,22595.4,22320.1,215.31,-0.08
2023-03-07,22197.8,22410.1,22535.1,21968.6,304.75,-0.95
2023-03-08,21710.8,22197.8,22274.3,21661.3,316.51,-2.19
2023-03-09,20361.8,21710.8,21826.5,20079.6,468.76,-6.21
2023-03-10,20156.7,20362.0,20362.6,19591.8,655.27,-1.01
2023-03-11,20467.5,20156.5,20669.5,19796.7,453.46,1.54
2023-03-12,21994.8,20465.0,22028.6,20294.2,455.69,7.46
2023-03-13,24114.4,21994.8,24406.2,21859.6,733.63,9.64
2023-03-14,24699.7,24121.5,26365.9,23994.6,753.06,2.43
2023-03-15,24282.7,24699.6,25108.9,23932.4,614.31,-1.69
2023-03-16,25004.1,24283.2,25139.0,24147.9,462.58,2.97
2023-03-17,27391.8,25004.4,27742.2,24900.1,674.96,9.55
2023-03-18,26914.5,27391.9,27659.1,26688.7,392.47,-1.74
2023-03-19,27958.7,26914.5,28347.3,26844.6,393.27,3.88
2023-03-20,27720.5,27958.9,28457.8,27157.0,503.9,-0.85
2023-03-21,28114.0,27719.8,28437.8,27350.6,438.78,1.42
2023-03-22,27261.7,28114.2,28760.3,26668.7,262.03,-3.03
2023-03-23,28310.7,27262.8,28734.1,27144.6,158.46,3.85
2023-03-24,27462.2,28306.9,28374.5,27026.5,110.36,-3.0
2023-03-25,27475.6,27462.2,27761.9,27176.7,61.36,0.05
2023-03-26,27973.5,27474.9,28153.7,27429.1,60.64,1.81
2023-03-27,27129.8,27974.8,28023.3,26611.5,107.24,-3.02
2023-03-28,27262.2,27127.8,27465.0,26665.6,94.16,0.49
2023-03-29,28350.4,27262.9,28627.4,27249.8,109.32,3.99
2023-03-30,28029.5,28350.3,29160.4,27716.7,122.51,-1.13
2023-03-31,28473.7,28029.3,28646.3,27587.5,98.44,1.58
2023-04-01,28456.1,28473.7,28795.1,28285.6,38.09,-0.06
2023-04-02,28198.3,28456.1,28522.8,27871.7,45.04,-0.91
2023-04-03,27802.1,28194.7,28458.4,27256.9,98.0,-1.41
2023-04-04,28164.4,27802.2,28429.1,27668.9,64.06,1.3
2023-04-05,28173.5,28164.4,28744.4,27823.5,77.32,0.03
2023-04-06,28036.7,28173.5,28173.5,27734.5,51.29,-0.49
2023-04-07,27910.4,28037.6,28102.5,27779.4,30.94,-0.45
2023-04-08,27941.2,27910.4,28153.1,27863.8,23.73,0.11
2023-04-09,28326.6,27941.2,28522.7,27809.2,39.35,1.38
2023-04-10,29641.0,28326.5,29755.4,28182.9,85.73,4.64
2023-04-11,30209.6,29641.0,30484.6,29597.8,89.38,1.92
2023-04-12,29886.4,30209.8,30473.0,29679.5,78.69,-1.07
2023-04-13,30387.4,29892.4,30524.1,29864.5,65.87,1.68
2023-04-14,30472.5,30387.4,30964.9,30026.0,98.38,0.28
2023-04-15,30299.6,30472.6,30586.5,30208.8,31.71,-0.57
2023-04-16,30310.3,30299.2,30545.3,30134.6,34.48,0.04
2023-04-17,29434.9,30310.8,30312.2,29274.0,71.9,-2.89
2023-04-18,30382.2,29434.1,30470.1,29149.2,76.58,3.22
2023-04-19,28813.7,30382.2,30408.4,28641.1,111.27,-5.16
2023-04-20,28240.5,28813.7,29082.1,28032.4,95.45,-1.99
2023-04-21,27264.8,28240.5,28353.4,27171.1,98.72,-3.46
2023-04-22,27813.9,27264.8,27872.0,27165.7,44.3,2.01
2023-04-23,27591.4,27813.8,27815.0,27388.5,41.77,-0.8
2023-04-24,27509.3,27591.4,27978.8,27054.3,66.74,-0.3
2023-04-25,28298.8,27510.1,28375.6,27201.1,65.31,2.87
2023-04-26,28424.6,28298.8,29995.7,27307.8,164.31,0.44
2023-04-27,29475.9,28424.5,29859.8,28392.4,121.63,3.7
2023-04-28,29321.8,29475.9,29587.2,28927.8,69.88,-0.52
2023-04-29,29234.1,29318.4,29425.5,29058.5,25.72,-0.3
2023-04-30,29252.1,29235.1,29941.3,29095.0,47.62,0.06
2023-05-01,28077.6,29252.1,29329.6,27685.9,84.36,-4.02
2023-05-02,28669.1,28079.0,28877.4,27913.2,65.33,2.11
2023-05-03,29023.6,28669.1,29244.7,28164.4,81.22,1.24
2023-05-04,28842.1,29023.6,29352.7,28687.4,53.8,-0.63
2023-05-05,29513.2,28842.2,29653.9,28825.3,74.52,2.33
2023-05-06,28857.1,29512.8,29816.4,28414.9,58.94,-2.22
2023-05-07,28424.8,28857.1,29122.0,28419.6,36.5,-1.5
2023-05-08,27670.5,28424.8,28627.8,27280.3,85.72,-2.65
2023-05-09,27634.9,27670.5,27816.0,27366.3,49.75,-0.13
2023-05-10,27603.3,27634.3,28311.7,26885.7,91.45,-0.11
2023-05-11,26983.5,27604.3,27607.4,26766.2,62.85,-2.25
2023-05-12,26799.2,26983.1,27044.0,25853.1,87.49,-0.68
2023-05-13,26777.5,26798.7,27011.9,26695.6,27.95,-0.08
2023-05-14,26920.0,26777.4,27176.1,26609.9,26.35,0.53
2023-05-15,27183.9,26920.4,27651.7,26752.1,53.27,0.98
2023-05-16,27035.3,27183.9,27295.3,26881.9,45.29,-0.55
2023-05-17,27403.1,27035.5,27465.3,26597.7,58.14,1.36
2023-05-18,26828.0,27403.8,27467.0,26449.8,63.39,-2.1
2023-05-19,26882.9,26828.2,27154.7,26711.3,36.67,0.2
2023-05-20,27116.2,26883.0,27147.2,26831.3,17.72,0.87
2023-05-21,26749.9,27116.2,27257.1,26677.6,27.42,-1.35
2023-05-22,26847.3,26749.9,27048.9,26546.1,35.56,0.36
2023-05-23,27220.7,26851.6,27448.1,26804.1,50.89,1.39
2023-05-24,26328.4,27220.7,27220.7,26088.7,72.65,-3.28
2023-05-25,26475.8,26327.1,26589.2,25892.5,50.17,0.56
2023-05-26,26711.5,26475.5,26911.6,26330.0,45.88,0.89
2023-05-27,26857.5,26711.2,26882.9,26591.2,18.68,0.55
2023-05-28,28071.2,26855.3,28181.9,26788.5,55.23,4.52
2023-05-29,27739.4,28068.4,28431.2,27548.8,54.56,-1.18
2023-05-30,27698.2,27738.9,28033.6,27583.8,45.19,-0.15
2023-05-31,27216.1,27696.9,27825.0,26865.1,63.08,-1.74
2023-06-01,26819.0,27216.4,27340.9,26662.3,51.98,-1.46
2023-06-02,27244.7,26819.0,27299.4,26541.3,49.37,1.59
2023-06-03,27072.0,27246.0,27317.5,26931.4,20.62,-0.63
2023-06-04,27122.3,27070.9,27410.2,26956.1,23.81,0.19
2023-06-05,25747.4,27122.3,27125.5,25437.5,85.42,-5.07
2023-06-06,27230.2,25745.6,27325.2,25425.6,88.61,5.76
2023-06-07,26342.5,27230.2,27342.0,26141.0,77.48,-3.26
2023-06-08,26501.1,26341.8,26784.4,26231.3,39.95,0.6
2023-06-09,26479.3,26501.1,26773.9,26326.7,38.96,-0.08
2023-06-10,25844.0,26479.3,26525.1,25468.3,83.57,-2.4
2023-06-11,25928.4,25843.3,26190.1,25660.8,39.2,0.33
2023-06-12,25906.8,25927.9,26080.7,25635.0,40.75,-0.08
2023-06-13,25929.4,25906.9,26428.9,25726.4,56.24,0.09
2023-06-14,25129.5,25929.0,26051.7,24847.4,60.82,-3.08
2023-06-15,25591.3,25129.5,25732.8,24838.0,68.38,1.84
2023-06-16,26341.3,25591.9,26472.8,25276.0,69.24,2.93
2023-06-17,26515.0,26341.3,26767.3,26183.5,35.86,0.66
2023-06-18,26339.7,26515.0,26679.3,26290.6,27.31,-0.66
2023-06-19,26845.9,26339.7,27029.7,26295.1,46.45,1.92
2023-06-20,28307.7,26845.9,28393.0,26665.5,100.55,5.44
2023-06-21,29996.9,28307.7,30769.5,28270.5,143.49,5.97
2023-06-22,29890.5,29992.8,30497.8,29590.4,79.22,-0.35
2023-06-23,30679.4,29890.2,31395.4,29822.6,98.85,2.64
2023-06-24,30533.6,30680.7,30795.3,30269.4,38.15,-0.48
2023-06-25,30465.3,30533.6,31040.2,30315.8,37.12,-0.22
2023-06-26,30267.0,30466.3,30645.9,29986.3,58.71,-0.65
2023-06-27,30689.1,30267.0,30993.7,30231.3,55.82,1.39
2023-06-28,30078.6,30691.9,30703.4,29919.5,51.06,-1.99
2023-06-29,30445.7,30077.3,30823.1,30051.3,49.57,1.22
2023-06-30,30472.9,30445.7,31275.5,29714.5,118.65,0.09
2023-07-01,30586.8,30472.9,30649.9,30329.0,22.46,0.37
2023-07-02,30617.7,30587.1,30769.0,30227.9,28.82,0.1
2023-07-03,31151.3,30617.5,31377.0,30581.5,56.49,1.74
2023-07-04,30768.4,31152.0,31326.5,30657.8,42.12,-1.23
2023-07-05,30512.8,30768.6,30875.6,30233.3,43.23,-0.83
2023-07-06,29913.1,30512.8,31463.6,29869.0,90.81,-1.97
2023-07-07,30346.4,29912.7,30442.0,29757.4,46.42,1.45
2023-07-08,30288.8,30346.8,30379.9,30055.9,17.41,-0.19
2023-07-09,30166.9,30288.8,30425.5,30071.9,20.05,-0.4
2023-07-10,30415.3,30166.9,31019.6,29969.1,55.24,0.82
2023-07-11,30623.3,30414.2,30782.2,30333.8,39.84,0.68
2023-07-12,30387.3,30623.3,30951.3,30231.7,54.06,-0.77
2023-07-13,31466.1,30387.3,31764.5,30260.0,99.81,3.55
2023-07-14,30317.4,31465.4,31602.6,29944.3,82.42,-3.65
2023-07-15,30291.4,30316.8,30395.4,30246.9,17.06,-0.09
2023-07-16,30235.5,30291.8,30435.0,30075.4,20.31,-0.18
2023-07-17,30139.7,30235.5,30335.9,29693.3,42.84,-0.32
2023-07-18,29866.8,30139.7,30242.4,29624.6,42.4,-0.91
2023-07-19,29909.7,29866.7,30185.5,29789.3,34.96,0.14
2023-07-20,29801.0,29909.7,30408.0,29621.4,50.33,-0.36
2023-07-21,29903.1,29801.0,30058.9,29739.9,32.59,0.34
2023-07-22,29788.9,29904.5,29988.0,29657.3,18.47,-0.38
2023-07-23,30085.9,29788.9,30337.0,29735.7,23.32,1.0
2023-07-24,29178.1,30085.9,30098.2,28890.7,55.73,-3.02
2023-07-25,29228.6,29178.3,29365.4,29058.7,29.05,0.17
2023-07-26,29352.2,29228.8,29681.8,29109.7,44.33,0.42
2023-07-27,29222.7,29352.9,29568.8,29094.0,30.42,-0.44
2023-07-28,29315.0,29222.7,29533.0,29125.1,31.42,0.32
2023-07-29,29353.5,29315.0,29400.1,29256.9,13.9,0.13
2023-07-30,29281.7,29354.2,29446.6,29054.5,20.58,-0.24
2023-07-31,29232.4,29282.0,29502.3,29128.3,31.84,-0.17
2023-08-01,29712.2,29232.3,29712.2,28611.0,64.01,1.64
2023-08-02,29173.7,29711.8,30025.9,28961.6,67.41,-1.81
2023-08-03,29189.3,29180.9,29409.8,28981.0,36.08,0.05
2023-08-04,29105.5,29189.1,29319.1,28875.8,31.43,-0.29
2023-08-05,29068.1,29105.6,29139.3,28983.0,14.55,-0.13
2023-08-06,29081.3,29067.9,29198.9,28987.4,16.03,0.05
2023-08-07,29204.2,29081.3,29270.2,28721.0,41.19,0.42
2023-08-08,29777.4,29204.2,30168.6,29137.7,62.57,1.96
2023-08-09,29578.0,29771.3,30104.0,29384.2,49.67,-0.67
2023-08-10,29449.0,29578.0,29719.4,29377.5,32.0,-0.44
2023-08-11,29420.8,29448.9,29544.9,29271.2,27.71,-0.1
2023-08-12,29428.2,29420.8,29480.8,29375.4,11.07,0.02
2023-08-13,29300.1,29428.2,29468.5,29272.3,13.49,-0.44
2023-08-14,29426.7,29300.1,29689.0,29116.0,39.3,0.43
2023-08-15,29195.3,29426.7,29472.0,29118.6,33.81,-0.79
2023-08-16,28726.3,29195.3,29251.1,28717.6,43.71,-1.61
2023-08-17,26635.7,28726.1,28771.8,25489.4,132.92,-7.28
2023-08-18,26053.2,26635.7,26801.9,25691.0,93.05,-2.19
2023-08-19,26099.4,26053.3,26262.2,25799.5,33.04,0.18
2023-08-20,26190.8,26099.5,26269.1,25998.5,24.0,0.35
2023-08-21,26126.0,26190.8,26220.9,25850.8,41.1,-0.25
2023-08-22,26039.9,26126.8,26138.8,25481.9,47.72,-0.33
2023-08-23,26436.2,26042.0,26807.7,25812.6,60.96,1.52
2023-08-24,26177.0,26436.2,26560.5,25943.6,41.04,-0.98
2023-08-25,26057.2,26176.1,26265.7,25811.6,39.96,-0.46
2023-08-26,26017.1,26057.2,26114.1,25993.5,12.09,-0.15
2023-08-27,26100.6,26017.1,26176.8,25968.7,14.29,0.32
2023-08-28,26118.9,26100.6,26215.7,25891.0,28.84,0.07
2023-08-29,27723.9,26118.1,28046.0,25919.8,98.32,6.14
2023-08-30,27298.8,27723.9,27757.3,27043.2,46.54,-1.53
2023-08-31,25937.3,27300.6,27464.5,25731.0,69.11,-4.99
2023-09-01,25803.2,25938.3,26144.9,25361.9,58.08,-0.52
2023-09-02,25869.7,25803.5,25977.4,25752.7,21.24,0.26
2023-09-03,25971.0,25869.7,26090.4,25816.6,21.36,0.39
2023-09-04,25823.3,25971.0,26094.2,25660.9,27.13,-0.57
2023-09-05,25790.2,25824.4,25864.0,25596.3,28.4,-0.13
2023-09-06,25758.0,25790.1,26018.4,25411.7,37.78,-0.13
2023-09-07,26249.8,25758.0,26417.7,25626.5,39.77,1.91
2023-09-08,25909.5,26248.5,26415.4,25701.6,41.01,-1.3
2023-09-09,25901.1,25909.5,25938.5,25814.3,13.48,-0.03
2023-09-10,25840.2,25901.1,25995.1,25626.7,23.6,-0.24
2023-09-11,25166.4,25840.2,25897.4,24923.1,56.32,-2.61
2023-09-12,25834.5,25166.4,26472.6,25133.5,78.71,2.65
2023-09-13,26223.0,25836.1,26382.3,25766.9,42.58,1.5
2023-09-14,26524.7,26223.0,26760.3,26148.6,53.82,1.15
2023-09-15,26601.0,26523.3,26837.4,26233.1,36.47,0.29
2023-09-16,26562.0,26599.9,26769.0,26463.5,18.45,-0.15
2023-09-17,26529.1,26562.0,26614.4,26408.7,16.57,-0.12
2023-09-18,26763.5,26530.3,27413.3,26405.2,63.35,0.88
2023-09-19,27209.2,26759.0,27480.7,26672.2,52.17,1.67
2023-09-20,27125.0,27209.2,27378.6,26851.8,47.23,-0.31
2023-09-21,26570.0,27125.2,27155.6,26382.3,47.81,-2.05
2023-09-22,26581.9,26569.5,26736.4,26488.5,28.79,0.04
2023-09-23,26579.2,26581.7,26636.2,26517.5,12.92,-0.01
2023-09-24,26251.5,26579.0,26727.6,26162.2,22.32,-1.23
2023-09-25,26302.7,26251.6,26423.6,26013.6,38.2,0.2
2023-09-26,26218.9,26303.1,26396.2,26093.4,26.41,-0.32
2023-09-27,26366.1,26218.9,26836.9,26109.1,50.8,0.56
2023-09-28,27022.6,26368.2,27283.6,26339.4,64.56,2.49
2023-09-29,26909.8,27022.6,27229.5,26728.8,42.24,-0.42
2023-09-30,26962.7,26908.1,27085.7,26887.5,17.55,0.2
2023-10-01,27974.5,26962.5,28038.4,26955.7,35.11,3.75
2023-10-02,27505.3,27974.6,28556.6,27325.2,84.3,-1.68
2023-10-03,27428.4,27501.6,27670.8,27194.1,44.06,-0.28
2023-10-04,27790.9,27428.7,27832.7,27242.5,40.93,1.32
2023-10-05,27410.3,27783.5,28089.1,27371.7,46.26,-1.37
2023-10-06,27936.9,27410.3,28223.6,27195.7,52.51,1.92
2023-10-07,27961.1,27935.5,28021.3,27859.0,17.29,0.09
2023-10-08,27922.7,27961.1,28097.5,27714.4,24.11,-0.14
2023-10-09,27581.4,27922.7,27986.4,27279.5,44.81,-1.22
2023-10-10,27391.0,27581.5,27728.1,27300.1,34.32,-0.69
2023-10-11,26876.6,27391.9,27475.9,26558.4,55.78,-1.88
2023-10-12,26761.1,26878.2,26942.8,26565.3,32.75,-0.43
2023-10-13,26863.5,26761.1,27114.8,26682.9,33.66,0.38
2023-10-14,26852.8,26863.5,26975.7,26805.1,13.56,-0.04
2023-10-15,27161.2,26852.8,27286.9,26812.6,21.95,1.15
2023-10-16,28509.7,27161.2,29969.5,27119.7,119.18,4.96
2023-10-17,28403.6,28508.3,28608.5,28096.9,53.42,-0.37
2023-10-18,28321.7,28405.2,28876.0,28169.0,45.01,-0.29
2023-10-19,28723.0,28321.8,28883.8,28170.2,50.1,1.42
2023-10-20,29674.5,28724.0,30165.9,28586.1,82.68,3.31
2023-10-21,29912.9,29674.7,30264.8,29469.1,34.68,0.8
2023-10-22,29984.2,29912.7,30193.4,29713.6,29.07,0.24
2023-10-23,33041.8,29984.2,34375.6,29891.4,133.46,10.2
2023-10-24,33917.0,33037.3,35191.4,32866.5,159.08,2.65
2023-10-25,34496.8,33917.0,35123.9,33713.4,75.81,1.71
2023-10-26,34153.7,34497.6,34826.0,33749.9,56.62,-0.99
2023-10-27,33901.8,34153.7,34245.8,33423.6,47.33,-0.74
2023-10-28,34082.6,33901.6,34387.8,33867.3,22.0,0.53
2023-10-29,34526.7,34082.6,34737.9,33937.6,27.72,1.3
2023-10-30,34477.9,34526.7,34853.3,34089.5,45.2,-0.14
2023-10-31,34650.6,34478.9,34704.6,34053.9,43.4,0.5
2023-11-01,35423.8,34648.3,35557.5,34138.7,71.66,2.23
2023-11-02,34931.4,35423.8,35907.6,34357.4,63.66,-1.39
2023-11-03,34718.7,34931.4,34940.6,34124.2,54.54,-0.61
2023-11-04,35065.8,34718.6,35242.2,34601.1,23.8,1.0
2023-11-05,35019.4,35065.8,35360.2,34550.0,31.02,-0.13
2023-11-06,35042.0,35020.3,35275.6,34742.9,29.81,0.06
2023-11-07,35426.1,35042.1,35877.9,34536.9,53.49,1.1
2023-11-08,35636.9,35426.2,36050.2,35148.8,46.33,0.6
2023-11-09,36700.5,35636.9,37942.0,35578.1,115.56,2.98
2023-11-10,37303.0,36700.5,37496.1,36347.2,59.56,1.64
2023-11-11,37150.5,37306.3,37401.3,36767.6,29.53,-0.41
2023-11-12,37064.4,37149.0,37215.3,36761.9,21.45,-0.23
2023-11-13,36478.3,37067.8,37404.6,36358.4,44.55,-1.58
2023-11-14,35549.3,36478.3,36744.5,34984.3,63.56,-2.55
2023-11-15,37874.9,35549.3,37954.1,35379.6,75.51,6.54
2023-11-16,36161.2,37873.9,37907.6,35561.6,66.92,-4.52
2023-11-17,36595.4,36161.8,36690.6,35875.2,51.37,1.2
2023-11-18,36568.6,36617.5,36845.2,36220.6,20.88,-0.07
2023-11-19,37354.2,36568.6,37504.6,36393.3,26.14,2.15
2023-11-20,37454.1,37356.6,37735.6,36857.6,51.8,0.27
2023-11-21,35813.6,37452.7,37631.2,35799.2,71.07,-4.38
2023-11-22,37410.8,35797.5,37862.5,35695.6,64.81,4.46
2023-11-23,37293.1,37410.8,37642.5,36915.3,32.35,-0.31
2023-11-24,37717.3,37295.0,38400.8,37257.4,65.83,1.14
2023-11-25,37787.0,37718.6,37887.4,37599.9,16.09,0.18
2023-11-26,37451.8,37786.4,37819.1,37166.3,29.2,-0.89
2023-11-27,37248.6,37451.8,37563.3,36751.5,45.24,-0.54
2023-11-28,37823.3,37244.3,38379.4,36881.1,57.5,1.54
2023-11-29,37855.5,37823.3,38362.9,37607.6,49.34,0.09
2023-11-30,37712.9,37857.6,38144.4,37509.2,33.53,-0.38
2023-12-01,38688.2,37712.9,38950.8,37618.3,62.5,2.59
2023-12-02,39458.4,38688.2,39673.4,38646.5,37.09,1.99
2023-12-03,39970.2,39456.8,40178.9,39280.3,35.27,1.3
2023-12-04,41987.8,39968.6,42394.4,39968.6,104.21,5.05
2023-12-05,44076.2,41989.6,44424.1,41424.9,96.84,4.97
2023-12-06,43776.3,44076.2,44283.7,43466.7,72.52,-0.68
2023-12-07,43289.7,43774.4,44046.4,42860.5,63.09,-1.11
2023-12-08,44175.5,43288.3,44697.6,43108.4,58.44,2.05
2023-12-09,43718.4,44175.5,44361.2,43617.4,31.67,-1.03
2023-12-10,43791.0,43716.6,44045.4,43576.8,23.81,0.17
2023-12-11,41256.1,43791.0,43806.3,40277.1,105.19,-5.79
2023-12-12,41487.0,41256.1,42070.9,40691.5,57.04,0.56
2023-12-13,42884.5,41487.0,43417.5,40649.3,63.11,3.37
2023-12-14,43025.9,42886.3,43392.7,41591.2,59.15,0.33
2023-12-15,41929.0,43025.2,43080.7,41697.9,45.28,-2.55
2023-12-16,42271.7,41929.0,42690.3,41698.2,30.11,0.82
2023-12-17,41368.7,42271.7,42413.2,41276.9,35.46,-2.14
2023-12-18,42659.7,41369.1,42728.0,40554.0,61.58,3.12
2023-12-19,42259.3,42659.7,43473.3,41842.7,55.29,-0.94
2023-12-20,43662.8,42259.5,44278.7,42217.2,70.19,3.32
2023-12-21,43865.9,43660.3,44241.8,43310.2,48.96,0.47
2023-12-22,43968.9,43865.9,44394.6,43419.3,44.5,0.23
2023-12-23,43710.4,43968.9,43994.6,43325.7,21.29,-0.59
2023-12-24,42981.5,43710.4,43935.7,42748.5,30.86,-1.67
2023-12-25,43578.5,42982.0,43792.7,42745.3,32.67,1.39
2023-12-26,42513.3,43579.9,43594.9,41796.6,56.03,-2.44
2023-12-27,43446.5,42514.3,43676.7,42115.3,50.1,2.2
2023-12-28,42581.1,43446.5,43782.6,42309.3,49.84,-1.99
2023-12-29,42072.4,42581.1,43108.0,41459.0,60.98,-1.19
2023-12-30,42136.7,42074.7,42592.2,41527.3,35.18,0.15
2023-12-31,42272.5,42141.6,42878.8,41971.4,35.58,0.32
2024-01-01,44183.4,42272.5,44187.0,42196.7,36.3,4.52
2024-01-02,44943.7,44182.9,45885.4,44166.0,97.84,1.72
2024-01-03,42836.1,44943.7,45492.7,40888.3,117.65,-4.69
2024-01-04,44157.0,42836.1,44744.5,42632.8,68.05,3.08
2024-01-05,44156.9,44163.0,44312.1,42629.0,68.07,0.0
2024-01-06,43967.9,44156.6,44203.2,43424.0,24.26,-0.43
2024-01-07,43927.3,43973.5,44481.2,43627.9,29.53,-0.09
2024-01-08,46962.2,43934.2,47196.7,43251.0,103.09,6.91
2024-01-09,46129.0,46959.2,47880.1,45333.9,100.09,-1.77
2024-01-10,46629.3,46112.0,47654.3,44403.6,131.48,1.08
2024-01-11,46348.2,46629.3,48923.7,45651.8,131.04,-0.6
2024-01-12,42835.9,46348.1,46503.2,41857.9,136.92,-7.58
2024-01-13,42851.3,42836.7,43248.6,42443.3,48.18,0.04
2024-01-14,41746.1,42851.3,43069.4,41739.6,37.14,-2.58
2024-01-15,42510.7,41747.6,43348.9,41719.2,52.08,1.83
2024-01-16,43145.5,42515.2,43563.7,42093.1,63.93,1.49
2024-01-17,42768.7,43139.1,43192.3,42211.8,50.44,-0.87
2024-01-18,41292.7,42763.5,42908.0,40682.6,70.35,-3.45
2024-01-19,41648.0,41293.8,42164.6,40305.4,72.64,0.86
2024-01-20,41695.4,41647.6,41858.0,41449.5,22.27,0.11
2024-01-21,41583.2,41695.4,41878.0,41504.5,16.11,-0.27
2024-01-22,39556.4,41581.7,41684.9,39468.4,85.1,-4.87
2024-01-23,39888.8,39555.0,40159.4,38546.9,82.67,0.84
2024-01-24,40086.0,39891.3,40535.2,39510.0,58.64,0.49
2024-01-25,39935.7,40085.1,40285.8,39546.3,46.3,-0.37
2024-01-26,41811.3,39942.0,42214.8,39831.2,69.47,4.7
2024-01-27,42120.9,41811.5,42191.8,41413.0,20.46,0.74
2024-01-28,42030.7,42121.3,42817.1,41649.0,32.53,-0.21
2024-01-29,43299.8,42031.4,43305.6,41824.7,45.23,3.02
2024-01-30,42946.2,43303.3,43817.9,42702.9,55.13,-0.82
2024-01-31,42580.5,42946.2,43739.7,42315.4,56.48,-0.85
2024-02-01,43081.4,42580.1,43263.1,41890.5,47.69,1.18
2024-02-02,43194.7,43083.7,43459.3,42596.3,42.65,0.26
2024-02-03,43005.7,43194.7,43370.4,42882.0,14.57,-0.44
2024-02-04,42581.4,43006.2,43113.2,42379.4,20.33,-0.99
2024-02-05,42697.2,42581.4,43532.2,42272.5,39.26,0.27
2024-02-06,43087.7,42697.6,43375.5,42566.8,33.32,0.91
2024-02-07,44339.8,43088.4,44367.9,42783.5,48.57,2.91
2024-02-08,45293.3,44346.2,45579.2,44336.4,66.38,2.15
2024-02-09,47127.5,45293.3,48118.8,45254.2,98.11,4.05
2024-02-10,47758.2,47128.0,48149.0,46875.0,31.2,1.34
2024-02-11,48277.3,47759.3,48531.6,47590.2,36.5,1.09
2024-02-12,49941.3,48280.2,50277.3,47729.9,81.85,3.45
2024-02-13,49716.0,49941.0,50326.6,48398.3,78.51,-0.45
2024-02-14,51782.4,49708.6,52010.7,49263.8,80.35,4.16
2024-02-15,51901.3,51805.2,52819.4,51327.5,74.72,0.23
2024-02-16,52134.2,51901.4,52556.7,51612.6,52.86,0.45
2024-02-17,51646.0,52134.2,52175.5,50652.3,32.45,-0.94
2024-02-18,52117.5,51646.0,52350.3,51199.6,26.89,0.91
2024-02-19,51783.6,52119.6,52484.8,51694.2,36.73,-0.64
2024-02-20,52263.5,51783.1,52936.8,50801.8,68.1,0.93
2024-02-21,51858.2,52263.5,52367.3,50676.9,59.02,-0.78
2024-02-22,51320.4,51850.2,52015.8,50947.3,50.27,-1.04
2024-02-23,50740.5,51320.6,51532.5,50537.6,43.27,-1.13
2024-02-24,51571.6,50739.6,51689.9,50592.0,20.99,1.64
2024-02-25,51722.7,51572.1,51952.0,51299.0,23.61,0.29
2024-02-26,54495.1,51722.7,54899.1,50925.2,78.05,5.36
2024-02-27,57056.2,54491.1,57555.2,54464.0,100.48,4.7
2024-02-28,62467.6,57048.7,63915.3,56704.9,173.64,9.48
2024-02-29,61169.3,62467.1,63653.4,60512.5,119.29,-2.08
2024-03-01,62397.7,61157.3,63147.3,60790.9,74.96,2.01
2024-03-02,61994.5,62397.7,62446.3,61621.9,33.8,-0.65
2024-03-03,63135.8,61955.6,63227.3,61399.4,38.01,1.84
2024-03-04,68270.1,63135.8,68495.1,62746.8,130.86,8.13
2024-03-05,63792.6,68273.1,69063.1,60138.2,207.6,-6.56
2024-03-06,66080.4,63794.7,67604.9,62848.7,117.91,3.59
2024-03-07,66855.3,66074.6,67985.5,65602.6,77.47,1.17
2024-03-08,68172.0,66854.4,69904.0,66170.7,112.67,1.97
2024-03-09,68366.5,68178.5,68576.9,67923.9,30.71,0.29
2024-03-10,68964.8,68360.7,69905.3,68165.0,53.49,0.88
2024-03-11,72099.1,68964.7,72771.5,67452.8,114.72,4.54
2024-03-12,71470.2,72099.1,72916.7,68845.6,105.09,-0.87
2024-03-13,73066.3,71461.9,73623.5,71338.4,77.18,2.23
2024-03-14,71387.5,73066.7,73740.9,68717.2,109.43,-2.3
2024-03-15,69463.7,71387.1,72398.1,65765.6,148.59,-2.69
2024-03-16,65314.2,69456.5,70037.0,64971.0,75.82,-5.97
2024-03-17,68391.2,65314.2,68857.7,64605.5,66.07,4.71
2024-03-18,67594.1,68389.7,68920.1,66601.4,78.07,-1.17
2024-03-19,62050.0,67594.1,68099.6,61560.6,148.08,-8.2
2024-03-20,67854.0,62046.8,68029.5,60850.9,133.53,9.35
2024-03-21,65503.8,67860.0,68161.7,64616.1,75.26,-3.46
2024-03-22,63785.5,65501.5,66633.3,62328.3,72.43,-2.62
2024-03-23,64037.8,63785.6,65972.4,63074.9,35.11,0.4
2024-03-24,67211.9,64036.5,67587.8,63812.9,65.59,4.96
2024-03-25,69892.0,67216.4,71118.8,66395.0,124.72,3.99
2024-03-26,69999.3,69896.3,71490.7,69366.4,90.98,0.15
2024-03-27,69442.4,69999.2,71670.8,68428.6,112.88,-0.8
2024-03-28,70762.1,69449.4,71542.5,68956.9,72.49,1.9
2024-03-29,69871.7,70766.7,70907.0,69090.9,58.99,-1.26
2024-03-30,69611.5,69872.3,70321.2,69564.9,29.87,-0.37
2024-03-31,71332.0,69608.5,71367.5,69576.6,42.45,2.47
2024-04-01,69664.4,71329.3,71329.3,68175.9,94.05,-2.34
2024-04-02,65439.2,69662.7,69673.0,64628.4,152.87,-6.07
2024-04-03,65963.0,65443.6,66844.8,64559.0,88.46,0.8
2024-04-04,68496.5,65968.4,69238.8,65096.3,100.3,3.84
2024-04-05,67830.6,68498.7,68692.2,66023.3,88.97,-0.97
2024-04-06,68890.6,67830.5,69632.0,67467.2,41.48,1.56
2024-04-07,69360.4,68897.3,70285.8,68849.4,46.99,0.68
2024-04-08,71630.1,69358.0,72710.8,69110.5,105.78,3.27
2024-04-09,69148.0,71627.3,71737.2,68264.6,93.69,-3.47
2024-04-10,70622.1,69147.8,71086.9,67570.0,97.71,2.13
2024-04-11,70011.6,70620.4,71249.2,69586.1,72.51,-0.86
2024-04-12,67151.9,70014.9,71226.9,65829.3,131.84,-4.08
2024-04-13,63849.9,67137.4,67921.0,61065.5,149.48,-4.92
2024-04-14,65697.4,63909.5,65758.2,62174.7,134.4,2.89
2024-04-15,63411.9,65696.6,66805.1,62379.5,118.79,-3.48
2024-04-16,63805.3,63416.1,64274.4,61715.6,114.96,0.62
2024-04-17,61278.9,63802.3,64451.5,59820.8,118.92,-3.96
2024-04-18,63481.4,61278.9,64092.4,60822.3,97.38,3.59
2024-04-19,63799.1,63480.5,65441.2,59693.3,150.34,0.5
2024-04-20,64961.1,63817.6,65375.6,63131.7,49.33,1.82
2024-04-21,64940.2,64942.1,65680.6,64267.5,42.02,-0.03
2024-04-22,66829.3,64940.1,67208.0,64527.5,72.3,2.91
2024-04-23,66415.0,66829.5,67180.0,65848.3,52.42,-0.62
2024-04-24,64285.7,66414.9,67060.5,63606.9,77.83,-3.21
2024-04-25,64497.1,64287.1,65247.5,62889.2,80.77,0.33
2024-04-26,63766.4,64497.1,64771.3,63354.9,61.6,-1.13
2024-04-27,63456.8,63765.8,63916.7,62507.7,45.34,-0.49
2024-04-28,63109.7,63457.9,64346.1,62827.8,36.65,-0.55
2024-04-29,63860.1,63113.7,64193.1,61837.2,67.26,1.19
2024-04-30,60666.6,63852.4,64700.2,59228.7,121.04,-5.0
2024-05-01,58331.2,60665.0,60827.5,56643.5,171.55,-3.85
2024-05-02,59121.3,58334.9,59548.0,56989.8,98.06,1.35
2024-05-03,62877.5,59104.3,63298.4,58830.8,100.46,6.35
2024-05-04,63888.3,62887.1,64466.0,62599.1,53.03,1.61
2024-05-05,64006.4,63897.7,64587.2,62923.9,40.51,0.18
2024-05-06,63163.1,64005.8,65448.8,62730.7,77.68,-1.32
2024-05-07,62317.7,63163.1,64361.0,62294.1,59.74,-1.34
2024-05-08,61207.5,62304.9,62997.4,60894.2,56.47,-1.78
2024-05-09,63075.0,61207.3,63413.3,60671.4,64.22,3.05
2024-05-10,60796.9,63074.3,63454.3,60251.8,79.33,-3.61
2024-05-11,60826.6,60796.8,61487.5,60499.3,27.5,0.05
2024-05-12,61480.0,60826.6,61847.7,60647.1,27.4,1.07
2024-05-13,62937.2,61480.5,63443.2,60779.0,70.55,2.37
2024-05-14,61569.4,62936.8,63102.6,61156.9,68.84,-2.17
2024-05-15,66225.1,61569.4,66417.1,61357.5,106.05,7.56
2024-05-16,65231.0,66219.6,66643.9,64623.3,72.55,-1.5
2024-05-17,67036.8,65231.1,67420.7,65121.7,63.09,2.77
2024-05-18,66917.5,67036.6,67361.4,66636.1,29.68,-0.18
2024-05-19,66279.1,66919.0,67662.5,65937.3,36.19,-0.95
2024-05-20,71422.7,66278.3,71482.8,66076.5,112.66,7.76
2024-05-21,70139.9,71430.5,71872.0,69181.7,108.56,-1.8
2024-05-22,69155.4,70141.0,70593.4,69024.3,65.08,-1.4
2024-05-23,67975.7,69166.3,70041.0,66578.1,89.45,-1.71
2024-05-24,68547.6,67971.1,69212.0,66685.8,63.28,0.84
2024-05-25,69284.4,68548.2,69558.8,68516.1,25.17,1.07
2024-05-26,68514.8,69287.2,69494.0,68294.5,24.58,-1.11
2024-05-27,69428.7,68514.6,70638.3,68275.2,49.07,1.33
2024-05-28,68366.0,69428.3,69560.7,67299.9,71.39,-1.53
2024-05-29,67635.8,68366.2,68897.6,67143.2,52.13,-1.07
2024-05-30,68354.7,67631.3,69504.7,67138.4,66.84,1.06
2024-05-31,67530.1,68352.3,69018.2,66676.8,61.51,-1.21
2024-06-01,67760.8,67533.9,67861.0,67449.6,19.01,0.34
2024-06-02,67773.5,67760.8,68447.5,67330.6,30.63,0.02
2024-06-03,68807.8,67763.3,70131.0,67616.8,69.42,1.53
2024-06-04,70549.2,68808.0,71034.2,68564.3,75.69,2.53
2024-06-05,71083.7,70550.9,71744.4,70397.1,67.06,0.76
2024-06-06,70791.5,71083.6,71616.1,70178.7,49.79,-0.41
2024-06-07,69347.9,70793.4,71956.5,68620.7,82.62,-2.04
2024-06-08,69310.1,69347.0,69572.1,69222.4,23.03,-0.05
2024-06-09,69650.6,69310.5,69847.8,69136.7,20.99,0.49
2024-06-10,69538.2,69650.2,70152.5,69259.9,39.12,-0.16
2024-06-11,67319.8,69537.9,69573.3,66197.8,96.7,-3.19
2024-06-12,68260.1,67320.9,69990.8,66911.5,85.55,1.4
2024-06-13,66773.1,68260.6,68384.6,66324.3,66.36,-2.18
2024-06-14,66034.8,66775.2,67347.7,65076.5,65.18,-1.11
2024-06-15,66223.0,66034.1,66446.4,65895.1,24.05,0.29
2024-06-16,66674.7,66223.0,66951.4,66038.1,20.74,0.68
2024-06-17,66498.8,66672.9,67253.8,65115.4,66.09,-0.26
2024-06-18,65159.9,66495.7,66571.2,64098.4,93.72,-2.01
2024-06-19,64980.9,65159.8,65706.4,64705.6,42.96,-0.27
2024-06-20,64854.3,64982.1,66474.2,64566.7,56.24,-0.19
2024-06-21,64128.5,64854.3,65054.9,63427.9,60.86,-1.12
2024-06-22,64261.0,64131.9,64523.9,63944.0,17.55,0.21
2024-06-23,63196.2,64261.0,64518.9,63195.3,19.94,-1.66
2024-06-24,60292.7,63201.6,63357.1,58589.9,120.6,-4.59
2024-06-25,61809.4,60292.0,62266.0,60262.2,77.28,2.52
2024-06-26,60849.4,61809.9,62469.4,60715.1,54.95,-1.55
2024-06-27,61685.3,60848.3,62351.2,60629.4,48.79,1.37
2024-06-28,60403.3,61684.6,62175.4,60081.9,58.95,-2.08
2024-06-29,60973.4,60403.7,61192.8,60382.8,26.56,0.94
2024-06-30,62754.3,60973.1,63006.6,60703.7,37.21,2.92
2024-07-01,62890.1,62768.8,63842.1,62558.0,59.94,0.22
2024-07-02,62103.3,62888.3,63257.0,61797.6,46.52,-1.25
2024-07-03,60199.3,62104.9,62263.6,59466.6,73.34,-3.07
2024-07-04,57026.3,60201.4,60463.0,56812.7,116.38,-5.27
2024-07-05,56641.8,57025.7,57471.1,53883.4,175.51,-0.67
2024-07-06,58259.2,56640.0,58462.0,56026.8,46.91,2.86
2024-07-07,55861.1,58240.2,58394.6,55756.3,41.12,-4.12
2024-07-08,56724.7,55850.2,58115.8,54320.0,102.91,1.55
2024-07-09,58039.4,56721.3,58234.0,56306.3,64.25,2.32
2024-07-10,57746.7,58040.2,59393.8,57185.3,59.6,-0.5
2024-07-11,57337.3,57745.9,59404.4,57095.0,66.4,-0.71
2024-07-12,57885.1,57338.3,58520.9,56575.7,56.84,0.96
2024-07-13,59209.8,57897.4,59826.5,57770.6,34.28,2.29
2024-07-14,60794.9,59207.9,61326.9,59207.9,47.48,2.68
2024-07-15,64782.4,60794.7,64869.5,60678.8,96.02,6.56
2024-07-16,65049.7,64749.2,65319.5,62430.8,93.63,0.41
2024-07-17,64089.2,65052.8,66051.5,63897.5,66.11,-1.48
2024-07-18,63980.5,64090.4,65102.0,63253.5,51.27,-0.17
2024-07-19,66677.4,63981.2,67390.4,63326.1,82.87,4.22
2024-07-20,67148.5,66677.0,67586.4,66257.4,32.94,0.71
2024-07-21,68158.7,67147.8,68352.9,65825.6,47.19,1.5
2024-07-22,67553.6,68158.4,68468.9,66601.8,54.88,-0.89
2024-07-23,65937.8,67550.4,67750.2,65512.9,69.58,-2.39
2024-07-24,65370.5,65936.8,67072.1,65155.2,52.47,-0.86
2024-07-25,65799.3,65363.9,66088.6,63500.9,77.46,0.66
2024-07-26,67908.6,65799.7,68205.0,65764.3,59.13,3.21
2024-07-27,67843.1,67910.8,69387.6,66776.8,67.99,-0.1
2024-07-28,68256.3,67888.9,68291.9,67067.8,26.17,0.61
2024-07-29,66798.7,68256.3,70000.2,66544.5,85.67,-2.14
2024-07-30,66184.9,66796.1,66998.3,65328.7,54.43,-0.92
2024-07-31,64626.0,66185.4,66825.6,64538.3,51.52,-2.36
2024-08-01,65372.9,64625.7,65587.9,62303.9,84.2,1.16
2024-08-02,61478.7,65351.8,65567.1,61242.3,93.89,-5.96
2024-08-03,60696.7,61480.8,62184.2,59914.6,65.74,-1.27
2024-08-04,58141.8,60700.2,61086.5,57346.9,72.71,-4.21
2024-08-05,53979.0,58142.9,58291.4,49486.9,333.46,-7.16
2024-08-06,56057.8,54010.8,57025.6,53998.2,113.89,3.85
2024-08-07,55120.9,56049.9,57669.6,54598.5,94.52,-1.67
2024-08-08,61699.7,55112.8,62563.5,54786.9,109.77,11.94
2024-08-09,60850.6,61697.8,61712.3,59570.2,69.55,-1.38
2024-08-10,60931.7,60844.5,61344.5,60264.2,22.91,0.13
2024-08-11,58713.3,60929.8,61677.3,58388.7,41.06,-3.64
2024-08-12,59350.0,58711.7,60606.2,57689.0,79.31,1.08
2024-08-13,60595.2,59350.2,61537.0,58492.4,62.92,2.1
2024-08-14,58707.8,60594.6,61543.0,58491.2,64.79,-3.11
2024-08-15,57534.6,58710.1,59831.4,56275.7,81.47,-2.0
2024-08-16,58877.2,57545.1,59817.3,57129.1,64.01,2.33
2024-08-17,59483.1,58877.8,59659.5,58825.5,18.51,1.03
2024-08-18,58446.3,59485.4,60216.3,58436.1,30.82,-1.74
2024-08-19,59470.9,58445.8,59598.5,57872.0,49.19,1.75
2024-08-20,59005.8,59470.3,61331.6,58612.0,69.77,-0.78
2024-08-21,61158.1,59010.0,61812.0,58831.1,91.31,3.65
2024-08-22,60372.2,61158.3,61399.7,59815.8,74.39,-1.29
2024-08-23,64053.1,60374.7,64830.1,60354.4,125.5,6.1
2024-08-24,64159.3,64061.7,64458.9,63579.5,54.14,0.17
2024-08-25,64273.2,64160.7,64939.2,63796.6,41.61,0.18
2024-08-26,62846.2,64240.7,64472.5,62841.1,68.89,-2.22
2024-08-27,59450.9,62832.2,63201.4,58187.3,108.53,-5.4
2024-08-28,59016.0,59425.6,60198.4,57912.1,109.47,-0.73
2024-08-29,59373.5,59027.3,61150.6,58807.1,87.19,0.61
2024-08-30,59119.7,59371.7,59817.6,57874.7,87.31,-0.43
2024-08-31,58978.6,59120.4,59447.0,58761.1,30.86,-0.24
2024-09-01,57315.7,58975.7,59058.7,57232.4,63.95,-2.82
2024-09-02,59134.0,57309.0,59416.6,57185.8,73.18,3.17
2024-09-03,57479.8,59133.7,59799.7,57436.9,74.77,-2.8
2024-09-04,57973.4,57490.4,58508.8,55732.1,108.44,0.86
2024-09-05,56183.2,57970.7,58318.9,55744.6,90.36,-3.09
2024-09-06,53966.8,56179.7,56969.1,52644.6,155.84,-3.94
2024-09-07,54156.5,53965.0,54819.2,53754.3,58.11,0.35
2024-09-08,54861.3,54161.4,55292.7,53642.4,51.99,1.3
2024-09-09,57049.6,54868.0,57956.7,54595.4,105.33,3.99
2024-09-10,57635.0,57045.6,58019.9,56415.3,77.65,1.03
2024-09-11,57338.7,57638.0,57975.9,55576.6,102.15,-0.51
2024-09-12,58134.5,57335.5,58484.1,57329.6,98.42,1.39
2024-09-13,60511.6,58134.4,60625.4,57656.8,102.12,4.09
2024-09-14,59995.4,60514.8,60609.4,59494.3,44.47,-0.85
2024-09-15,59138.5,59995.6,60377.6,58717.9,47.01,-1.43
2024-09-16,58213.1,59126.2,59204.3,57527.8,87.6,-1.56
2024-09-17,60309.1,58213.1,61309.0,57630.2,106.3,3.6
2024-09-18,61757.6,60308.5,61757.6,59210.7,105.57,2.4
2024-09-19,62938.6,61754.8,63849.6,61596.5,120.17,1.91
2024-09-20,63201.2,62942.4,64085.1,62367.1,90.65,0.42
2024-09-21,63348.1,63201.2,63526.3,62778.6,33.2,0.23
2024-09-22,63572.7,63351.2,63998.2,62394.6,48.86,0.35
2024-09-23,63331.8,63575.4,64723.4,62650.0,75.66,-0.38
2024-09-24,64256.8,63335.9,64664.1,62740.8,76.71,1.46
2024-09-25,63156.5,64262.9,64788.4,62952.8,62.72,-1.71
2024-09-26,65175.7,63157.2,65770.9,62693.3,96.06,3.2
2024-09-27,65776.3,65168.8,66440.7,64839.2,80.55,0.92
2024-09-28,65866.5,65775.6,66232.5,65438.1,35.0,0.14
2024-09-29,65607.1,65862.8,66065.7,65436.8,32.6,-0.39
2024-09-30,63339.2,65607.0,65607.0,62901.1,101.7,-3.46
2024-10-01,60835.5,63329.9,64125.3,60195.9,134.93,-3.95
2024-10-02,60645.7,60834.2,62339.8,60002.7,98.94,-0.31
2024-10-03,60751.2,60642.0,61468.9,59904.4,82.43,0.17
2024-10-04,62081.0,60751.4,62471.7,60469.3,72.71,2.19
2024-10-05,62061.4,62085.5,62366.8,61705.7,30.15,-0.03
2024-10-06,62819.4,62062.0,62934.5,61495.4,31.72,1.22
2024-10-07,62245.6,62819.8,64449.3,62175.8,86.27,-0.91
2024-10-08,62157.0,62226.9,63196.6,61883.2,63.75,-0.14
2024-10-09,60628.8,62157.0,62537.0,60355.5,68.79,-2.46
2024-10-10,60316.2,60628.9,61304.6,59075.7,83.86,-0.52
2024-10-11,62499.4,60317.5,63385.1,60080.6,86.38,3.62
2024-10-12,63205.1,62506.6,63463.1,62486.1,40.91,1.13
2024-10-13,62870.9,63205.4,63284.6,62054.2,42.26,-0.53
2024-10-14,66081.7,62870.7,66476.6,62463.7,122.09,5.11
2024-10-15,67077.5,66084.1,67821.9,64850.6,136.72,1.51
2024-10-16,67617.9,67075.1,68389.4,66766.6,98.3,0.81
2024-10-17,67418.4,67618.1,67933.5,66677.3,84.68,-0.3
2024-10-18,68423.1,67416.5,68990.3,67190.9,99.2,1.49
2024-10-19,68372.0,68426.4,68688.8,68025.5,33.29,-0.07
2024-10-20,69030.5,68373.3,69386.4,67443.9,44.92,0.96
2024-10-21,67371.3,69030.5,69490.8,66845.5,109.28,-2.4
2024-10-22,67427.3,67370.8,67815.3,66609.4,86.76,0.08
2024-10-23,66663.7,67428.6,67441.1,65246.7,84.99,-1.13
2024-10-24,68191.5,66659.2,68831.8,66510.6,82.78,2.29
2024-10-25,66696.8,68191.9,68756.8,65644.2,110.51,-2.19
2024-10-26,67086.8,66694.5,67408.4,66443.8,42.05,0.58
2024-10-27,68004.6,67084.7,68308.0,66924.6,33.58,1.37
2024-10-28,69954.1,68011.9,70203.4,67610.0,103.97,2.87
2024-10-29,72730.4,69957.2,73569.4,69753.2,168.6,3.97
2024-10-30,72347.8,72732.5,72907.4,71460.0,99.05,-0.53
2024-10-31,70281.8,72343.7,72685.7,69674.5,111.29,-2.86
2024-11-01,69507.2,70278.7,71598.4,68846.0,130.46,-1.1
2024-11-02,69325.8,69499.3,69896.9,69029.0,38.72,-0.26
2024-11-03,68769.6,69334.8,69383.6,67514.2,83.16,-0.8
2024-11-04,67848.8,68770.3,69483.4,66834.0,101.31,-1.34
2024-11-05,69373.7,67848.3,70495.6,67473.6,108.95,2.25
2024-11-06,75586.3,69374.1,76401.4,69323.0,357.28,8.96
2024-11-07,75868.6,75585.5,76837.8,74448.2,184.16,0.37
2024-11-08,76517.3,75869.8,77188.5,75599.0,155.17,0.85
2024-11-09,76700.3,76506.1,76904.0,75732.5,72.97,0.24
2024-11-10,80388.5,76681.4,81373.5,76520.5,193.83,4.81
2024-11-11,88664.1,80389.0,89519.0,80231.8,254.04,10.29
2024-11-12,87941.3,88665.0,89929.6,85122.2,288.68,-0.82
2024-11-13,90422.2,87971.2,93226.6,86168.4,257.57,2.82
2024-11-14,87294.0,90424.8,91726.7,86740.2,153.34,-3.46
2024-11-15,91046.5,87297.2,91833.1,87118.8,158.19,4.3
2024-11-16,90539.1,91035.3,91748.9,90079.0,79.82,-0.56
2024-11-17,89833.7,90569.4,91441.6,88736.1,81.24,-0.78
2024-11-18,90478.7,89843.3,92567.1,89410.4,150.47,0.72
2024-11-19,92239.2,90482.1,93918.5,90378.7,146.04,1.95
2024-11-20,94303.9,92252.6,94836.1,91517.4,121.46,2.24
2024-11-21,98374.5,94308.7,98937.2,94063.8,179.07,4.32
2024-11-22,98929.7,98381.2,99617.4,97182.2,132.23,0.56
2024-11-23,97699.0,98927.2,98927.2,97180.9,72.17,-1.24
2024-11-24,97935.2,97696.4,98552.6,95765.4,77.04,0.24
2024-11-25,93064.4,97948.8,98872.4,92875.3,124.98,-4.97
2024-11-26,91977.6,93046.5,94978.8,90817.2,131.88,-1.17
2024-11-27,95886.6,91975.5,97219.8,91795.5,106.39,4.25
2024-11-28,95645.5,95881.4,96549.0,94648.8,68.17,-0.25
2024-11-29,97438.0,95645.6,98599.8,95405.7,76.54,1.87
2024-11-30,96405.7,97438.5,97461.9,96119.6,36.92,-1.06
2024-12-01,97201.4,96404.7,97813.9,95721.8,42.9,0.83
2024-12-02,95846.6,97199.3,98082.0,94510.6,95.8,-1.39
2024-12-03,95898.7,95843.9,96245.0,93646.1,95.08,0.05
2024-12-04,98635.8,95900.1,99030.7,94625.3,113.77,2.85
2024-12-05,96970.8,98624.8,103719.4,92510.4,245.79,-1.69
2024-12-06,99760.7,96968.9,101908.5,96452.0,213.49,2.88
2024-12-07,99837.0,99757.2,100441.8,98969.0,118.44,0.08
2024-12-08,101115.8,99837.0,101339.9,98713.9,128.93,1.28
2024-12-09,97359.4,101129.7,101198.6,94395.8,321.01,-3.72
2024-12-10,96600.3,97311.5,98237.8,94304.5,271.45,-0.78
2024-12-11,101126.2,96603.2,101877.1,95689.5,250.02,4.69
2024-12-12,100009.9,101126.3,102495.3,99334.5,188.96,-1.1
2024-12-13,101426.2,100008.3,101891.2,99214.2,162.4,1.42
2024-12-14,101417.7,101423.7,102633.0,100626.3,105.31,-0.01
2024-12-15,104443.0,101417.9,105120.9,101234.9,133.99,2.98
2024-12-16,106057.6,104479.2,107767.6,103351.7,232.66,1.55
2024-12-17,106138.9,106053.4,108244.9,105350.6,149.37,0.08
2024-12-18,100197.8,106140.7,106477.6,100049.3,187.49,-5.6
2024-12-19,97466.1,100190.5,102778.8,95672.2,200.57,-2.73
2024-12-20,97795.7,97468.3,98178.2,92301.9,221.18,0.34
2024-12-21,97253.3,97799.1,99531.9,96478.6,123.36,-0.55
2024-12-22,95183.8,97281.6,97422.2,94265.2,100.64,-2.13
2024-12-23,94852.1,95184.8,96517.8,92543.2,133.24,-0.35
2024-12-24,98668.1,94852.8,99446.6,93566.2,69.86,4.02
2024-12-25,99391.3,98661.9,99514.1,97651.9,39.8,0.73
2024-12-26,95777.7,99389.4,99922.5,95193.3,74.6,-3.64
2024-12-27,94275.9,95776.4,97243.3,93472.8,85.12,-1.57
2024-12-28,95284.5,94274.9,95684.3,94124.7,32.97,1.07
2024-12-29,93716.3,95282.6,95315.4,93026.7,47.71,-1.65
2024-12-30,92779.8,93718.7,94936.4,91522.3,112.43,-1.0
2024-12-31,93557.2,92777.2,96163.4,92036.2,74.85,0.84
2025-01-01,94560.2,93557.3,95100.0,92939.3,43.34,1.07
2025-01-02,96960.0,94561.1,97808.0,94381.2,76.13,2.54
2025-01-03,98167.5,96960.2,98963.3,96090.6,61.62,1.25
2025-01-04,98219.9,98168.9,98742.6,97568.9,36.56,0.05
2025-01-05,98347.7,98220.1,98823.1,97300.0,31.34,0.13
2025-01-06,102248.7,98373.2,102474.5,97932.3,86.73,3.97
2025-01-07,96929.8,102247.9,102678.2,96201.3,99.77,-5.2
2025-01-08,95066.6,96938.2,97266.4,92716.6,100.36,-1.92
2025-01-09,92539.8,95066.6,95323.1,91241.9,132.78,-2.66
2025-01-10,94724.1,92540.5,95760.6,92310.6,125.42,2.36
2025-01-11,94612.0,94724.0,94765.5,93847.8,72.66,-0.12
2025-01-12,94541.8,94600.0,95384.3,93711.2,17.6,-0.07
2025-01-13,94536.1,94545.0,95928.1,89423.1,37.7,-0.01
2025-01-14,96542.1,94536.7,97361.2,94359.5,87.79,2.12
2025-01-15,100499.8,96547.4,100671.0,96501.9,95.32,4.1
2025-01-16,100004.5,100499.9,100812.4,97400.2,87.08,-0.49
2025-01-17,104084.9,99991.9,105843.8,99956.2,127.33,4.08
2025-01-18,104536.9,104084.7,104953.1,102297.0,79.3,0.43
2025-01-19,101319.5,104536.8,106338.2,99742.7,123.72,-3.08
2025-01-20,102197.7,101313.3,109228.6,99676.0,202.66,0.87
2025-01-21,106157.2,102190.2,107211.9,100192.5,129.36,3.87
2025-01-22,103684.8,106157.2,106266.2,103354.4,77.56,-2.33
2025-01-23,103912.1,103681.3,106806.5,101281.6,141.8,0.22
2025-01-24,104862.3,103913.6,107102.2,102760.0,83.96,0.91
2025-01-25,104742.9,104861.4,105255.6,104133.9,37.68,-0.11
2025-01-26,102637.8,104743.8,105399.8,102543.8,32.18,-2.01
2025-01-27,102091.7,102618.3,103234.8,97987.5,146.38,-0.53
2025-01-28,101349.3,102085.2,103584.1,100288.0,74.69,-0.73
2025-01-29,103722.0,101342.1,104760.0,101340.6,74.38,2.34
2025-01-30,104726.9,103723.0,106409.1,103388.4,74.84,0.97
2025-01-31,102424.2,104726.9,105876.3,101576.0,82.79,-2.2
2025-02-01,100648.0,102421.3,102770.8,100293.5,47.48,-1.73
2025-02-02,97684.9,100647.1,101451.0,96250.2,99.36,-2.94
2025-02-03,101337.1,97686.0,102372.2,91695.8,190.81,3.74
2025-02-04,97793.4,101339.7,101692.9,96190.5,117.35,-3.5
2025-02-05,96595.3,97784.8,99028.3,96163.8,82.92,-1.23
2025-02-06,96568.8,96606.3,99119.2,95706.6,76.92,-0.03
2025-02-07,96513.5,96564.8,100133.9,95693.7,97.6,-0.06
2025-02-08,96447.9,96513.5,96862.8,95716.1,38.99,-0.07
2025-02-09,96469.2,96448.4,97297.8,94750.4,48.38,0.02
2025-02-10,97434.7,96469.2,98311.6,95307.7,71.43,1.0
2025-02-11,95771.7,97434.7,98476.5,94902.7,69.89,-1.71
2025-02-12,97881.3,95777.2,98095.8,94110.7,87.21,2.2
2025-02-13,96610.2,97874.7,98079.6,95295.4,66.76,-1.3
2025-02-14,97504.6,96611.6,98817.3,96316.5,65.37,0.93
2025-02-15,97573.4,97504.4,97973.2,97210.8,29.65,0.07
2025-02-16,96132.1,97573.1,97706.5,96060.2,33.35,-1.48
2025-02-17,95781.3,96120.2,97002.3,95222.0,58.4,-0.36
2025-02-18,95638.0,95781.5,96645.1,93403.4,74.09,-0.15
2025-02-19,96644.8,95663.7,96829.6,95049.1,58.27,1.05
2025-02-20,98310.3,96645.2,98721.6,96441.9,61.84,1.72
2025-02-21,96155.6,98310.3,99473.4,94903.6,104.28,-2.19
2025-02-22,96556.1,96158.3,96930.8,95801.1,45.62,0.42
2025-02-23,96258.8,96556.2,96655.2,95259.5,38.82,-0.31
2025-02-24,91508.5,96261.0,96497.9,91378.5,96.46,-4.93
2025-02-25,88686.0,91510.4,92523.1,86097.5,195.29,-3.08
2025-02-26,84212.7,88675.0,89375.3,82332.9,145.33,-5.04
2025-02-27,84714.6,84204.6,87013.9,82723.5,116.14,0.6
2025-02-28,84381.2,84713.3,85028.7,78329.8,186.9,-0.39
2025-03-01,86071.6,84353.4,86546.3,83837.3,79.51,2.0
2025-03-02,94265.1,86065.7,94986.5,85069.3,126.76,9.52
2025-03-03,86209.7,94266.1,94266.1,85140.8,143.15,-8.55
2025-03-04,87266.3,86083.8,88887.8,81617.0,132.5,1.23
2025-03-05,90611.7,87269.5,90937.8,86429.4,95.54,3.83
2025-03-06,89930.9,90611.7,92802.0,87849.6,89.27,-0.75
2025-03-07,86531.2,89879.5,91059.8,84864.3,138.11,-3.78
2025-03-08,86221.9,86783.8,86886.8,85264.6,41.9,-0.36
2025-03-09,80691.6,86221.5,86498.6,80048.9,69.9,-6.41
2025-03-10,78575.9,80702.2,83902.8,77480.5,120.23,-2.62
2025-03-11,82921.1,78579.7,83572.6,76677.1,123.59,5.53
2025-03-12,83664.3,82921.1,84266.5,80646.6,88.61,0.9
2025-03-13,81100.2,83664.7,84292.0,79954.9,79.25,-3.06
2025-03-14,83977.1,81103.5,85286.6,80833.2,81.23,3.55
2025-03-15,84341.3,83978.7,84679.5,83636.4,38.4,0.43
2025-03-16,82578.4,84341.3,84942.5,82014.2,50.04,-2.09
2025-03-17,84019.1,82580.3,84729.2,82525.0,58.04,1.74
2025-03-18,82719.1,84019.1,84019.1,81171.3,58.17,-1.55
2025-03-19,86841.0,82719.1,86990.6,82557.5,84.61,4.98
2025-03-20,84208.1,86841.3,87419.0,83656.1,69.86,-3.03
2025-03-21,84073.3,84208.7,84831.0,83215.9,42.8,-0.16
2025-03-22,83840.5,84076.6,84526.3,83688.2,20.84,-0.28
2025-03-23,86077.4,83840.2,86082.0,83812.7,31.13,2.67
2025-03-24,87490.0,86076.1,88740.2,85541.6,95.71,1.64
2025-03-25,87404.0,87495.3,88523.3,86328.5,75.24,-0.1
2025-03-26,86912.0,87349.8,88276.7,85866.4,62.04,-0.56
2025-03-27,87228.2,86937.0,87751.4,85844.4,56.49,0.36
2025-03-28,84410.4,87209.5,87507.5,83596.7,85.25,-3.23
2025-03-29,82645.7,84412.1,84603.4,81668.2,39.34,-2.09
2025-03-30,82371.6,82646.8,83532.9,81593.2,35.37,-0.33
2025-03-31,82548.8,82375.4,83895.6,81300.1,61.76,0.22
2025-04-01,85164.2,82548.6,85506.2,82435.8,66.72,3.17
2025-04-02,82525.0,85166.0,88377.3,82358.9,104.05,-3.1
2025-04-03,83159.4,82522.6,83908.9,81313.8,83.15,0.77
2025-04-04,83866.7,83160.2,84704.1,81691.1,91.54,0.85
2025-04-05,83552.1,83876.0,84249.3,82384.4,32.71,-0.38
2025-04-06,78391.3,83528.0,83731.7,77171.1,79.17,-6.18
2025-04-07,79162.5,78406.6,81095.9,74524.2,170.57,0.98
2025-04-08,76312.5,79166.7,80839.8,76255.0,93.88,-3.6
2025-04-09,82607.0,76312.3,83566.7,74657.3,172.18,8.25
2025-04-10,79607.5,82606.8,82737.5,78495.8,92.83,-3.63
2025-04-11,83413.1,79606.1,84275.0,79004.2,94.62,4.78
2025-04-12,85292.7,83420.5,85893.5,82828.0,55.6,2.25
2025-04-13,83734.4,85282.5,85999.5,83049.6,70.93,-1.83
2025-04-14,84586.4,83752.8,85794.9,83705.2,78.03,1.02
2025-04-15,83647.0,84586.8,86438.8,83602.7,62.45,-1.11
2025-04-16,84032.2,83648.1,85438.2,83143.5,63.97,0.46
2025-04-17,84940.0,84032.2,85467.3,83786.2,49.28,1.08
2025-04-18,84474.6,84947.7,85106.1,84331.0,25.83,-0.55
2025-04-19,85068.1,84472.4,85604.3,84366.5,32.07,0.7
2025-04-20,85179.0,85075.5,85321.0,83976.1,32.08,0.13
2025-04-21,87516.0,85179.0,88449.6,85148.8,98.5,2.74
2025-04-22,93441.9,87516.0,93816.9,87105.2,130.17,6.77
2025-04-23,93697.7,93442.2,94462.6,91963.4,90.35,0.27
2025-04-24,93980.3,93696.3,94001.0,91673.0,66.68,0.3
2025-04-25,94676.9,93979.4,95718.6,92867.2,92.04,0.74
2025-04-26,94631.4,94669.3,95207.0,93891.8,33.77,-0.05
2025-04-27,93742.5,94631.4,95324.4,93640.7,36.66,-0.94
2025-04-28,94995.0,93742.5,95580.3,92818.9,73.63,1.34
2025-04-29,94269.8,94995.4,95453.4,93758.0,59.86,-0.76
2025-04-30,94184.4,94265.0,95223.4,93049.6,57.1,-0.09
2025-05-01,96499.3,94181.3,97394.3,94168.1,74.56,2.46
2025-05-02,96894.4,96497.3,97881.8,96359.3,51.94,0.41
2025-05-03,95885.8,96894.3,96922.2,95785.5,36.24,-1.04
2025-05-04,94316.9,95885.5,96297.8,94206.1,41.31,-1.64
2025-05-05,94745.2,94314.6,95206.8,93590.8,59.21,0.45
2025-05-06,96825.4,94745.9,96893.9,93408.8,55.76,2.2
2025-05-07,97035.1,96817.9,97647.5,95798.4,59.98,0.22
2025-05-08,103274.3,97035.1,103885.4,96901.9,110.6,6.43
2025-05-09,102975.1,103270.7,104308.7,102365.7,87.34,-0.29
2025-05-10,104798.0,102974.7,104969.8,102837.2,48.42,1.77
2025-05-11,104119.2,104748.3,104930.9,103358.8,54.76,-0.65
2025-05-12,102795.0,104119.2,105765.2,100766.8,90.21,-1.27
2025-05-13,104119.2,102794.9,104972.9,101510.2,71.91,1.29
2025-05-14,103513.9,104116.3,104316.0,102632.9,55.58,-0.58
2025-05-15,103765.4,103513.2,104153.8,101436.8,59.68,0.24
2025-05-16,103480.5,103764.6,104544.1,103126.5,53.27,-0.27
2025-05-17,103112.6,103473.9,103712.3,102626.5,37.43,-0.36
2025-05-18,106504.5,103113.9,106577.0,103113.9,62.47,3.29
2025-05-19,105585.8,106507.7,107081.3,102088.2,90.49,-0.86
2025-05-20,106815.8,105586.1,107270.5,104199.3,76.08,1.16
2025-05-21,109640.1,106814.7,110628.8,106109.5,124.17,2.64
2025-05-22,111702.7,109632.6,111953.6,109281.8,96.35,1.88
2025-05-23,107313.4,111702.6,111778.7,106855.4,87.57,-3.93
2025-05-24,107763.0,107313.5,109476.4,106904.5,52.26,0.42
2025-05-25,109021.1,107763.0,109203.4,106648.3,52.49,1.17
2025-05-26,109455.3,109014.9,110401.4,108694.0,48.01,0.4
2025-05-27,108944.0,109455.3,110718.7,107572.2,65.02,-0.47
2025-05-28,107786.7,108905.7,109238.3,106804.9,51.84,-1.06
2025-05-29,105600.0,107759.1,108896.7,105399.9,70.02,-2.03
2025-05-30,103981.3,105598.8,106314.9,103693.9,71.98,-1.53
2025-05-31,104598.0,103981.9,104888.4,103091.3,35.8,0.59
2025-06-01,105635.2,104598.0,105867.5,103768.6,33.03,0.99
2025-06-02,105845.6,105635.2,105930.7,103729.7,46.44,0.2
2025-06-03,105388.3,105845.6,106758.4,104886.9,49.47,-0.43
2025-06-04,104695.6,105383.5,105971.2,104224.0,50.06,-0.66
2025-06-05,101521.9,104690.6,105914.4,100421.1,73.53,-3.03
2025-06-06,104308.3,101524.1,105306.5,101127.6,61.97,2.74
2025-06-07,105564.2,104308.3,105911.7,103911.0,32.39,1.2
2025-06-08,105739.6,105564.2,106449.3,105011.6,29.11,0.17
2025-06-09,110268.3,105739.6,110404.9,105333.3,64.28,4.28
2025-06-10,110269.2,110268.3,110369.2,108380.6,58.28,0.0
2025-06-11,108661.2,110269.2,110386.1,108081.9,44.8,-1.46
2025-06-12,105703.0,108662.2,108776.2,105703.0,59.87,-2.72
2025-06-13,106080.3,105702.7,106147.0,102739.6,73.84,0.36
2025-06-14,105421.5,106028.5,106196.9,104321.0,30.99,-0.62
2025-06-15,105591.8,105421.6,106098.9,104502.0,26.22,0.16
2025-06-16,106740.4,105594.0,108899.3,104993.8,50.95,1.09
2025-06-17,104559.8,106769.8,107747.4,103386.3,60.73,-2.04
2025-06-18,104894.2,104571.4,105553.0,103622.4,45.6,0.32
2025-06-19,104669.6,104894.2,105220.5,103934.5,28.47,-0.21
2025-06-20,103280.5,104669.6,106520.3,102396.8,51.48,-1.33
2025-06-21,102113.2,103287.2,103989.3,100947.8,37.52,-1.13
2025-06-22,100990.4,102114.5,103300.4,98249.2,81.37,-1.1
2025-06-23,105376.9,100782.5,106032.7,99696.9,83.16,4.34
2025-06-24,106078.6,105376.9,106268.7,104642.9,52.81,0.67
2025-06-25,107349.4,106086.0,108128.0,105828.2,58.14,1.2
2025-06-26,106945.9,107350.6,108261.2,106650.0,38.7,-0.38
2025-06-27,107044.2,106948.0,107726.5,106414.1,46.24,0.09
2025-06-28,107304.4,107048.2,107542.3,106822.0,14.26,0.24
2025-06-29,108361.1,107304.3,108470.5,107188.4,25.96,0.98
2025-06-30,107171.1,108362.3,108777.0,106743.1,37.46,-1.1
2025-07-01,105694.3,107176.4,107532.3,105289.4,40.28,-1.38
2025-07-02,108843.7,105694.0,109727.8,105163.5,62.51,2.98
2025-07-03,109600.5,108846.7,110506.8,108550.8,45.39,0.7
2025-07-04,107989.6,109600.8,109723.7,107268.2,40.92,-1.47
2025-07-05,108204.7,107989.6,108357.5,107797.8,14.93,0.2
2025-07-06,109207.0,108204.7,109701.8,107818.8,21.94,0.93
2025-07-07,108269.6,109207.0,109686.8,107526.5,35.34,-0.86
2025-07-08,108913.1,108267.6,109208.3,107474.2,32.36,0.59
2025-07-09,111246.0,108913.1,111915.7,108329.9,56.81,2.14
2025-07-10,115993.6,111246.1,116626.3,110631.9,82.26,4.27
2025-07-11,117535.6,115994.0,118848.4,115261.9,89.27,1.33
2025-07-12,117419.5,117535.6,118206.6,116951.2,32.19,-0.1
2025-07-13,119090.6,117422.4,119441.6,117247.7,33.24,1.42
2025-07-14,119849.5,119092.2,123104.7,118913.7,89.94,0.64
2025-07-15,117762.3,119846.7,119944.0,115774.0,113.79,-1.74
2025-07-16,118683.2,117762.4,120028.0,117030.5,60.71,0.78
2025-07-17,119194.9,118680.6,120944.5,117489.7,55.75,0.43
2025-07-18,117940.3,119196.4,120801.2,116839.2,66.9,-1.05
2025-07-19,117848.4,117942.3,118508.2,117308.6,23.56,-0.08
2025-07-20,117297.2,117848.4,118860.0,116515.2,40.07,-0.47
2025-07-21,117388.1,117297.2,119634.0,116540.9,54.78,0.08
2025-07-22,119965.5,117388.2,120253.1,116199.1,70.23,2.2
2025-07-23,118763.0,119965.5,120089.5,117345.2,50.19,-1.0
2025-07-24,118310.9,118760.7,119459.7,117141.7,55.0,-0.38
2025-07-25,117631.9,118311.5,118449.8,114843.5,131.51,-0.57
2025-07-26,117917.6,117632.2,118298.1,117150.5,31.06,0.24
2025-07-27,119398.1,117918.3,119771.1,117840.4,34.87,1.26
2025-07-28,118053.9,119402.7,119788.2,117426.5,61.81,-1.13
2025-07-29,117950.1,118054.8,119261.0,117002.7,51.88,-0.09
2025-07-30,117840.4,117949.8,118693.5,115830.7,48.17,-0.09
2025-07-31,115765.0,117840.4,118920.7,115510.0,56.43,-1.76
2025-08-01,113312.1,115766.7,116054.6,112760.6,77.85,-2.12
2025-08-02,112547.7,113306.4,114050.0,112015.5,38.34,-0.67
2025-08-03,114213.1,112547.9,114758.4,111992.4,27.15,1.48
2025-08-04,115055.3,114213.1,115720.9,114116.1,36.55,0.74
2025-08-05,114139.1,115055.3,115111.7,112678.9,41.41,-0.8
2025-08-06,115002.1,114131.7,115714.0,113361.2,34.73,0.76
2025-08-07,117480.5,115002.1,117628.4,114267.3,47.52,2.16
2025-08-08,116676.3,117480.5,117625.1,115917.8,39.88,-0.68
2025-08-09,116471.6,116676.5,117893.0,116357.7,34.33,-0.18
2025-08-10,119287.0,116468.4,119305.3,116468.4,46.65,2.42
2025-08-11,118689.6,119291.8,122319.5,118242.5,81.13,-0.5
2025-08-12,120146.2,118689.6,120317.2,118217.4,56.86,1.23
2025-08-13,123323.4,120138.4,123651.8,118959.9,76.09,2.64
2025-08-14,118314.2,123313.6,124436.8,117275.1,86.59,-4.06
2025-08-15,117356.3,118314.1,119231.9,116816.8,45.23,-0.81
2025-08-16,117413.4,117356.3,117914.9,117195.6,25.18,0.05
2025-08-17,117405.4,117393.8,118559.4,117192.4,21.87,-0.01
2025-08-18,116203.8,117417.9,117552.7,114653.8,58.82,-1.02
2025-08-19,112880.3,116218.9,116729.2,112750.9,62.15,-2.86
2025-08-20,114275.0,112878.1,114616.7,112409.4,54.63,1.24
2025-08-21,112481.1,114275.0,114776.3,112023.0,43.0,-1.57
2025-08-22,116928.9,112492.9,117416.9,111698.5,72.83,3.95
2025-08-23,115433.3,116928.9,117024.3,114576.5,39.63,-1.28
2025-08-24,113483.2,115431.5,115663.3,110815.9,64.88,-1.69
2025-08-25,110118.4,113486.6,113665.1,109295.1,76.94,-2.97
2025-08-26,111768.6,110118.4,112377.0,108768.3,62.08,1.5
2025-08-27,111255.6,111768.6,112611.3,110409.9,44.41,-0.46
2025-08-28,112568.9,111263.2,113464.6,110887.7,41.38,1.18
2025-08-29,108355.6,112568.9,112617.3,107538.7,69.98,-3.74
2025-08-30,108818.1,108367.7,108925.3,107433.4,41.99,0.43
2025-08-31,108226.8,108818.1,109484.2,108092.6,33.8,-0.54
2025-09-01,109243.3,108247.3,109898.5,107274.7,53.13,0.94
2025-09-02,111218.3,109241.6,111714.6,108425.3,60.02,1.81
2025-09-03,111716.5,111227.9,112568.1,110547.9,43.05,0.45
2025-09-04,110712.7,111716.5,112189.1,109344.8,43.3,-0.9
2025-09-05,110652.2,110727.9,113315.6,110234.6,63.56,-0.05
2025-09-06,110194.4,110660.1,111313.4,110010.5,21.14,-0.41
2025-09-07,111150.1,110194.4,111594.1,110185.6,23.81,0.87
2025-09-08,112068.4,111140.9,112896.9,110630.5,41.95,0.83
2025-09-09,111516.5,112066.3,113259.9,110781.1,53.76,-0.49
2025-09-10,113963.5,111517.1,114300.7,110938.8,62.24,2.19
2025-09-11,115490.2,113963.5,115490.6,113446.6,47.81,1.34
2025-09-12,116042.8,115490.5,116684.3,114766.1,56.48,0.48
2025-09-13,115924.9,116042.6,116292.4,115207.3,30.79,-0.1
2025-09-14,115314.6,115924.8,116165.6,115158.3,25.84,-0.53
2025-09-15,115362.1,115314.2,116723.2,114412.2,48.68,0.04
2025-09-16,116795.9,115362.1,116970.0,114801.0,43.05,1.24
2025-09-17,116425.9,116795.9,117284.2,114782.5,56.85,-0.32
2025-09-18,117086.0,116426.5,117910.4,116144.9,46.5,0.57
2025-09-19,115649.0,117089.2,117470.7,115133.5,36.98,-1.23
2025-09-20,115699.2,115649.0,116138.4,115424.9,20.42,0.04
2025-09-21,115243.0,115699.2,115833.2,115205.5,19.28,-0.39
2025-09-22,112673.0,115243.3,115382.7,111964.9,67.57,-2.23
2025-09-23,112002.6,112673.0,113279.9,111501.9,44.21,-0.6
2025-09-24,113307.1,112002.9,113951.0,111212.0,43.29,1.16
2025-09-25,109016.3,113307.1,113508.6,108675.3,69.14,-3.79
2025-09-26,109662.2,109012.4,110299.1,108673.0,54.26,0.59
2025-09-27,109652.8,109662.2,109734.3,109090.8,22.46,-0.01
2025-09-28,112174.6,109652.8,112355.8,109213.5,28.91,2.3
2025-09-29,114357.5,112177.4,114412.5,111571.1,55.53,1.95
2025-09-30,114048.5,114355.4,114776.2,112672.5,53.07,-0.27
2025-10-01,118576.2,114048.7,118634.5,113970.5,69.15,3.97
2025-10-02,120566.1,118577.1,121023.0,118318.1,69.08,1.68
2025-10-03,122224.2,120566.1,123889.8,119272.6,81.43,1.38
2025-10-04,122387.1,122224.8,122810.6,121530.5,31.34,0.13
2025-10-05,123475.5,122387.1,125617.4,122146.2,66.03,0.89
2025-10-06,124725.1,123475.5,126186.0,123144.6,68.95,1.01
2025-10-07,121356.6,124687.5,125112.9,120624.3,70.42,-2.7
2025-10-08,123311.1,121356.7,124139.3,121086.1,57.67,1.61
2025-10-09,121666.3,123337.6,123710.9,119732.7,67.35,-1.33
2025-10-10,112878.6,121666.6,122492.8,103893.3,153.63,-7.22
2025-10-11,110671.5,112878.0,113315.0,109677.7,107.25,-1.96
2025-10-12,114986.0,110670.9,115733.9,109612.8,93.16,3.9
2025-10-13,115174.8,114985.9,115893.1,113802.1,71.35,0.16
2025-10-14,113030.8,115174.8,115400.6,109948.0,95.33,-1.86
2025-10-15,110767.4,113029.8,113611.9,110206.4,72.25,-2.0
2025-10-16,108204.8,110767.4,111960.2,107549.1,92.62,-2.31
2025-10-17,106443.5,108205.5,109232.3,103632.7,106.66,-1.63
2025-10-18,107193.5,106469.4,107489.0,106356.9,40.28,0.7
2025-10-19,108658.2,107189.9,109456.1,106134.9,52.65,1.37
2025-10-20,110544.0,108656.3,111677.2,107443.1,64.94,1.74
2025-10-21,108340.9,110544.0,113971.6,107491.1,108.22,-1.99
2025-10-22,107587.5,108336.4,109081.5,106746.2,86.97,-0.7
2025-10-23,110078.9,107587.5,111285.9,107518.9,59.44,2.32
2025-10-24,111013.1,110078.9,111966.0,109776.0,51.79,0.85
2025-10-25,111646.1,111012.4,111921.3,110702.1,23.3,0.57
2025-10-26,114550.9,111646.0,115153.9,111261.9,42.74,2.6
2025-10-27,114108.0,114553.9,116307.5,113868.0,70.79,-0.39
2025-10-28,112905.8,114110.3,116076.7,112266.9,52.49,-1.05
2025-10-29,110024.6,112904.7,113628.7,109506.4,66.99,-2.55
2025-10-30,108320.1,110024.9,111585.8,106371.4,80.07,-1.55
2025-10-31,109602.8,108319.5,111102.2,108319.5,68.61,1.18
2025-11-01,110103.6,109602.7,110534.6,109406.7,27.13,0.46
2025-11-02,110586.6,110097.1,111229.8,109537.0,41.82,0.44
2025-11-03,106578.1,110566.9,110736.3,105331.7,85.37,-3.62
2025-11-04,101504.3,106584.3,107293.1,99001.8,134.18,-4.76
2025-11-05,103896.7,101500.8,104534.3,99010.6,98.5,2.36
2025-11-06,101325.7,103893.0,104160.7,100350.9,78.43,-2.47
2025-11-07,103325.4,101330.3,104067.9,99290.8,94.27,1.97
2025-11-08,102311.1,103326.4,103397.6,101474.0,41.41,-0.98
2025-11-09,104722.4,102311.3,105409.1,101469.1,51.64,2.36
2025-11-10,106006.9,104720.8,106629.5,104285.0,70.75,1.23
2025-11-11,103046.7,106003.2,107461.3,102484.3,73.04,-2.79
2025-11-12,101658.3,103046.7,105309.1,100858.0,63.52,-1.35
2025-11-13,99728.7,101652.8,104008.7,98027.4,100.44,-1.9
2025-11-14,94554.3,99707.0,99843.9,94126.2,131.3,-5.19
2025-11-15,95587.6,94557.5,96799.5,94557.5,48.15,1.09
2025-11-16,94259.8,95587.6,96575.1,93043.5,68.24,-1.39
2025-11-17,92195.0,94259.8,96002.7,91327.8,109.89,-2.19
2025-11-18,92962.3,92196.6,93781.8,89391.9,115.1,0.83
2025-11-19,91544.1,92962.3,92962.3,88610.4,95.86,-1.53
2025-11-20,86613.9,91543.3,93123.3,86105.4,114.4,-5.39
2025-11-21,85131.0,86610.6,87460.0,80697.7,177.95,-1.71
2025-11-22,84721.6,85117.2,85557.3,83518.8,49.35,-0.48
2025-11-23,86826.6,84729.0,87995.8,84729.0,67.53,2.48
2025-11-24,88296.5,86828.4,89210.6,85307.2,81.64,1.69
2025-11-25,87366.8,88296.1,88502.6,86162.0,70.67,-1.05
2025-11-26,90496.5,87363.1,90582.8,86334.8,70.68,3.58
2025-11-27,91324.6,90497.8,91888.0,90099.9,58.08,0.92
2025-11-28,90894.7,91324.7,92942.6,90221.5,60.08,-0.47
2025-11-29,90800.5,90894.7,91160.2,90225.3,28.05,-0.1
2025-11-30,90374.2,90804.1,91957.0,90351.7,31.09,-0.47
2025-12-01,86309.1,90372.2,90372.2,83858.1,105.96,-4.5
2025-12-02,87376.5,86315.2,87574.2,86189.8,76.93,1.24
